"paragraph","message","polarity_class","polarity_score","emotion"
"অক্সফোর্ড বিশ্ববিদ্যালয়ের অন্যতম সেরা স্টুডেন্ট ছিলেন তার সময়ে।চাইলেই অন্যদের মতো আরাম আয়েশে কাটাতে পারতেন।কিন্তু, সুখে থাকতে ভূতে কিলায়, তাইতো পাকিস্তানের মতো নোংরা রাজনীতির মাঠে নাম লেখালেন।","","stronglyNegative",-0.9926795959472656,"{""neutral"":0.009859864600002766,""happy"":0.11690115183591843,""anger/disgust"":0.6415308713912964,""sadness"":0.5008138418197632,""surprise"":0.09200134873390198,""fear"":0.12324117869138718}"
"অক্সফোর্ডে পড়া স্টুডেন্ট, বিশ্বকাপ ✌ ক্যাপ্টেন, দেশ ✌ প্রধান মন্ত্রী।আল্লাহর রহমতে তার গদিও ঠিক থাকবে।","","weaklyPositive",0.5999120950698853,"{""neutral"":0.10567504167556763,""happy"":0.26315638422966003,""anger/disgust"":0.7092487215995789,""sadness"":0.09401945769786835,""surprise"":0.02416466549038887,""fear"":0.017481615766882896}"
"অথচ ৩গুন সময়ের বেশি ক্ষমতায় থাকা যায় এই সুত্র বোধহয় তারা জানেনা।","","stronglyNegative",-0.945838737487793,"{""neutral"":0.029870348051190376,""happy"":0.003263691673055291,""anger/disgust"":0.37464115023612976,""sadness"":0.5508185625076294,""surprise"":0.11628974229097366,""fear"":0.01776062324643135}"
"অথচ আমাদের দেশের মিডিয়া, ইমরান খানকে প্রায় ক্ষমতাচ্যুত করেই ফেলছিলো 🤪","","stronglyNegative",-0.8807114839553833,"{""neutral"":0.029464948922395706,""happy"":0.0038768434897065163,""anger/disgust"":0.47920358180999756,""sadness"":0.4681842029094696,""surprise"":0.10426871478557587,""fear"":0.12026271224021912}"
"অথচ উনি কয়েক দিন আগে নিজ দল থেকে নির্বাচিত হওয়া পাঞ্জাবের মুখ্যমন্ত্রীকে পদত্যাগ করাতে বাধ্য করেছে। তখন কে ছিল মীরজাফর? ধর্মের কল বাতাসে নড়ে বাংলায় প্রবাদ আছে। যেমন কর্ম তেমন ফলও পেতে হয়। এটাই প্রাকৃতিক ন্যায়বিচার। কেও ভুল যাবেন না ইমরানের পুরো নাম ইমরান খান নিয়াজী। ইনি সেই নিয়াজীর বংশধর বা আত্মীয় যার আদেশে ১৯৭১ সালে স্বদেশের নিরস্ত্র বাঙালিদের হত্যা করা হয় ও নারীদের ধর্ষণ করা হয়।পরে যৌথ বাহিনীর বীরত্বের কাছে তাকে লজ্জাজনক ভাবে পরাজয় স্বিকার করতে হয়।","","stronglyNegative",-0.9774050712585449,"{""neutral"":0.003558460623025894,""happy"":0.01624111831188202,""anger/disgust"":0.9313885569572449,""sadness"":0.23368225991725922,""surprise"":0.020317476242780685,""fear"":0.047956712543964386}"
"অনুমেয়-ই ছিল😋😋তাহার এদেশীয় কতিপয় ভক্তকূলের জন্য এক বদনা সমবেদনা😜😜","","weaklyPositive",0.47435717582702647,"{""neutral"":0.011676935479044914,""happy"":0.01292550377547741,""anger/disgust"":0.032668113708496094,""sadness"":0.9313406944274902,""surprise"":0.002350775757804513,""fear"":0.00328662502579391}"
"অনেক বা ল ফালাইছে এবার আঁটি বাইন্ধা ল‌ও","","stronglyNegative",-0.9997629165649414,"{""neutral"":0.011580861173570156,""happy"":0.007406704127788544,""anger/disgust"":0.8980293273925781,""sadness"":0.0664716362953186,""surprise"":0.013008840382099152,""fear"":0.013640837743878365}"
"অনেক ভালো প্রধানমন্ত্রী। সব দেশের প্রধানমন্ত্রী এরকম হওয়া উচিত।","","stronglyPositive",0.9997957706451417,"{""neutral"":0.0005048518069088459,""happy"":0.9990154504776001,""anger/disgust"":0.0013292358489707112,""sadness"":0.0006523336051031947,""surprise"":0.0002566697367001325,""fear"":0.00002619623592181597}"
"অনেকেই ইমরান খানকে মুসলিম বিশ্বের বিশাল নেতা মনে করেন! অনেকে আবার মনে করেন দ্বিতীয় এরদোয়ান!!অথচ এই ইমরান খান একসময় প্লেবয় ছিল। প্রফেশনাল প্লেবয় মডেলিং করেছে। বিকিনি পরা নারী মডেলদের সাথে প্লেবয় মডেলিংয়ে ফটো শ্যুট করতো। তাছাড়া সমকামী ছিলেন এক সময়। এসব কারনে ৯০ দশকে রাজনীতিতে নামার ঘোষনা দিলে খোদ পাকিস্তানেই সমালোচনার ঝড় ওঠে তার বিরুদ্ধে। তবে ক্রিকেট ক্যারিয়ারের কারিশমায় সব জায়গাএদেশে ইমরান খানের অন্ধ ভক্তদের দেখলে অবাক না হয়ে উপায় থাকেনা!ক্রিকেটার না রাজনীতিতে ইমরান খানের কথা বলছি। ১৯৭১ সালের মার্চে পাকিস্তানের গনহত্যা ধামা চাপা দেওয়ার জন্য ঢাকায় ম্যাচ লেখতে আসে জেনারেল এ.এ.কে নিয়াজির ভাতিজা ইমরান খানের নেতৃত্বে পাকিস্তান এ দল। ম্যাচ শেষে লন্ডনে যাওয়ার পর সাংবাদিক ইমরান খানকে প্রশ্ন করেন, ""ইমরান, পূর্ব পাকিস্তানে গনহত্যায় সাধারণ মানুষকে হত্যা করা হচ্ছে, আপনারা সেখানে পরিস্থিতি কেমন দেখলেন?"" -""ইমরান খান উত্তরে বলেন সেখানে কোনো গনহত্যা হচ্ছে না। আমি এরকম কিছু দেখেনি। পরিস্থিতি খুবই ঠান্ডা""। পশ্চিমা গনমাধ্যমের কাছে ইমরান খান তখন পাকিস্তান এ দলের ক্যাপ্টেন হিসাবে বলেছিলেন পূর্ব পাকিস্তানে যেটা হচ্ছে সেটা ইন্টারন্যার অ্যাফেয়ার। এই বলে গনহত্যার ঘটনা অস্বীকার করে ধামাচাপা দেওয়ার চেষ্টা করেন ইমরান খান। ১৯৭১ সালে আমাদের ওপর পাকিস্তানের পৈচাশিক আচরন গোটা বিশ্ব দেখেছে। ঘটনাচক্রে সেই ইমরান খান আজ পাকিস্তানের প্রধানমন্ত্রী। কোনোভাবেই বাঙালী হয়ে তাই রাজনীতিবিদ ইমরানের প্রতি আমার বিন্দুমাত্র ভালোবাসা জন্মায় না৷।য় পার পেয়ে গেছেন ইমরান খান নিয়াজি।এর বাইরে জেমিমা গোল্ড স্মিথ নামের নিজের বয়সের অর্ধেক বয়সী এক ইহুদী মেয়েকেও বিয়ে করেছিলেন এই ইমরান খান। জেমিমার বাবা ইহুদি ধনকুবের ব্যবসায়ী ছিলো। তখন ইমরানের বয়স ৫০ ছুইছুই আর জেমিমার ২০!! এটা নিয়ে চরম সমালোচনায় পড়তে হয় ইমরান খানকে। অনেকে বলেছিলেন টাকার লোভে নিজের মেয়ের বয়সী ইহুদী মেয়েকে বিয়ে করেছিলেন ইমরান খান।","","stronglyNegative",-0.9994348526000977,"{""neutral"":0.012655651196837425,""happy"":0.02785426750779152,""anger/disgust"":0.5370913743972778,""sadness"":0.2854798138141632,""surprise"":0.5141162276268005,""fear"":0.33350199460983276}"
"অন্য কোন দুর্নীতি পায়নি পেয়েছে একটা উপহার কেলেঙ্কারির ঘটনা!!!","","stronglyNegative",-0.9999305486679078,"{""neutral"":0.1041765883564949,""happy"":0.0010807754006236792,""anger/disgust"":0.7790026068687439,""sadness"":0.023428920656442642,""surprise"":0.27206355333328247,""fear"":0.004402006044983864}"
"অপ্রিয় হলেও সত্য - ইমরান খান পাকিস্তানের সংখ্যাগরিষ্ঠ জনগণের প্রত্যক্ষ ভোটে নির্বাচিত প্রধানমন্ত্রী এবং সবচেয়ে জনপ্রিয় ব্যক্তিত্ব। শুধু তার আশপাশের রাজনৈতিক দুর্বৃত্তদের জন্য আজ এই অবস্থা। তবে ইউক্রেন ইস্যুতে নিরপেক্ষ থাকাই শ্রেয় ছিল।","","weaklyPositive",0.5998930215835572,"{""neutral"":0.007499822415411472,""happy"":0.11763928830623627,""anger/disgust"":0.7558558583259583,""sadness"":0.5624943971633911,""surprise"":0.027578234672546387,""fear"":0.0487828329205513}"
"অবশ্যই আমেরিকার ইন্ধনে।","","neutral",-0.17931383848190308,"{""neutral"":0.03042510710656643,""happy"":0.0058361138217151165,""anger/disgust"":0.7994931936264038,""sadness"":0.08561165630817413,""surprise"":0.057207897305488586,""fear"":0.1230240985751152}"
"অবশ্যই মুমিনদের পক্ষে আল্লাহ আছেন।","","stronglyPositive",0.9998517513275147,"{""neutral"":0.026977302506566048,""happy"":0.986248791217804,""anger/disgust"":0.0005516741075553,""sadness"":0.00040558306500315666,""surprise"":0.0010053570149466395,""fear"":0.00017490035679657012}"
"অভাগা পাকিস্তানী বোজলোনা","","stronglyNegative",-0.9998083591461182,"{""neutral"":0.0013525653630495071,""happy"":0.0013800791930407286,""anger/disgust"":0.9686431884765625,""sadness"":0.07050588726997375,""surprise"":0.0018143600318580866,""fear"":0.001544853555969894}"
"অভিনন্দন বিরোধীদের জয়ের জন্য!কিছু মন্তব্য দেখে হাসি পাচ্ছে 😃😃তারা জয় পরাজয় কিছুই বুঝে না কিন্তুু বিশেষজ্ঞ😂😂পূর্ণ মেয়াদ পূরণ করতে পারলো না বিরোধীদের জন্য তবুও নাকি ইমরান জিতে গেলো😂😂😂😂","","weaklyNegative",-0.5964295148849488,"{""neutral"":0.17072340846061707,""happy"":0.5094708800315857,""anger/disgust"":0.27706214785575867,""sadness"":0.21740218997001648,""surprise"":0.15870168805122375,""fear"":0.040909796953201294}"
"অভিনন্দন...","","weaklyPositive",0.5961699724197389,"{""neutral"":0.058095209300518036,""happy"":0.9526524543762207,""anger/disgust"":0.004420807585120201,""sadness"":0.004407377913594246,""surprise"":0.001630326732993126,""fear"":0.0010057545732706785}"
"অরজিনাল মাগি খুর","","stronglyNegative",-0.9998994588851928,"{""neutral"":0.00014524163270834833,""happy"":0.0003031895321328193,""anger/disgust"":0.9998277425765991,""sadness"":0.0010276057291775942,""surprise"":0.00047640028060413897,""fear"":0.0000121520697575761}"
"অসৎ রাজনিতিবিদের কাজই হলো প্রতিদ্বন্বির চরিএ হনন করা।","","stronglyNegative",-0.9999314308166504,"{""neutral"":0.007579013239592314,""happy"":0.0029541081748902798,""anger/disgust"":0.9452470541000366,""sadness"":0.05461905524134636,""surprise"":0.0009041378507390618,""fear"":0.0016376185230910778}"
"অসত্যের কাছে কভু নত নাহি হবে শির। ভয়ে কাঁপে কাপুরুষ লড়ে যায় বীর। ___কাজী নজরুল ইসলাম","","weaklyPositive",0.4558295965194703,"{""neutral"":0.4680004119873047,""happy"":0.01930333860218525,""anger/disgust"":0.005134349688887596,""sadness"":0.038364049047231674,""surprise"":0.020060213282704353,""fear"":0.7274870276451111}"
"অসাধারণ একজন ঈমানদার মুসলমান শাসককে হারালো বিশ্ব।","","stronglyPositive",0.8409098148345948,"{""neutral"":0.009927552193403244,""happy"":0.16089993715286255,""anger/disgust"":0.009992217645049095,""sadness"":0.8616111278533936,""surprise"":0.1856522113084793,""fear"":0.010079595260322094}"
"আই এস জঙ্গীর ঘাটি তৈরী করেছে তাই তো প্রাইয় শোনা যায় মসজিদে বোমা হামলায় নিহত ৫০ আহত প্রায় ৫০০। তাদের ইতিহাস এতো জঘন্য তা সারা বিশ্ববাসী যানেন স্বাধীনতা দিবসে বাংলাদেশের বাঙালিদের কাছে ক্ষমা চাওয়া উচিত ছিল।","","stronglyNegative",-0.9998425245285034,"{""neutral"":0.003909457474946976,""happy"":0.005005119368433952,""anger/disgust"":0.786817193031311,""sadness"":0.5031487941741943,""surprise"":0.02274249494075775,""fear"":0.2639508545398712}"
"আউট আর নট আউটের বিষয় না। ইহা গণতন্ত্রের সৌন্দর্য।।","","weaklyPositive",0.5888082504272462,"{""neutral"":0.08123692125082016,""happy"":0.7096210718154907,""anger/disgust"":0.3010302484035492,""sadness"":0.026633715257048607,""surprise"":0.019935835152864456,""fear"":0.0034718650858849287}"
"আগে ৭১ এর কুকর্মের জন্য ক্ষমা চা।","","weaklyNegative",-0.5990471124649048,"{""neutral"":0.0019281546119600534,""happy"":0.0009191783028654754,""anger/disgust"":0.9640170335769653,""sadness"":0.08487964421510696,""surprise"":0.0008191465167328715,""fear"":0.0009432569495402277}"
"আগে ক্ষমা চাও তারপর কথা কও ভাতিজা","","weaklyNegative",-0.4703494548797607,"{""neutral"":0.003926199395209551,""happy"":0.0014549707993865013,""anger/disgust"":0.9469505548477173,""sadness"":0.12691055238246918,""surprise"":0.0038109824527055025,""fear"":0.0019007844384759665}"
"আগে চৌদ্দ গুষ্টি মাফ চা ।মাফ না চাওয়া পর্যন্ত তোদের ওপর খোদায়ী গজব চলতেই থাকবে।আইউব, ইয়াহিয়া, পারভেজ, বাজওয়া তোদের গনতন্ত্রের ইয়ে করতে থাকবে।","","stronglyNegative",-0.9980809688568115,"{""neutral"":0.0008246164652518928,""happy"":0.0016073196893557906,""anger/disgust"":0.9932208061218262,""sadness"":0.029642174020409584,""surprise"":0.002134128240868449,""fear"":0.006297384388744831}"
"আগে তো সরকার টা গঠন হোক প্রস্তাবিত প্রধানমন্ত্রীর বিরুদ্ধে দুর্নীতির মামলা সুরাহা হোক","","weaklyNegative",-0.5560635566711425,"{""neutral"":0.001931140199303627,""happy"":0.0002938565448857844,""anger/disgust"":0.9964650869369507,""sadness"":0.004888675641268492,""surprise"":0.0006088127265684307,""fear"":0.00023670069640502334}"
"আগে নিজ দেশে শান্তি নিশ্চিত কর। নিজ দেশের জঙ্গি, গোয়েন্দা, আর্মি ঠিক কর। তাহলেই কেবল এই অঞ্চলে শান্তি নিশ্চিত হয়ে যাবে।","","weaklyPositive",0.5789668798446657,"{""neutral"":0.009368861094117165,""happy"":0.008163202553987503,""anger/disgust"":0.981090784072876,""sadness"":0.021142173558473587,""surprise"":0.0030771014280617237,""fear"":0.0019493650179356337}"
"আগে নিজেদের দেশে শান্তি আনেন 🤪","","weaklyNegative",-0.3764737486839294,"{""neutral"":0.0012938324362039566,""happy"":0.0007421505870297551,""anger/disgust"":0.9957693815231323,""sadness"":0.00854387879371643,""surprise"":0.0008699345635250211,""fear"":0.0002422487741569057}"
"আচ্ছা পাকিস্থানে পূর্ন মেয়াদকাল প্রধান মন্ত্রি কে ছিলেন? কেউ কি বলতে পারবেন ?","","neutral",-0.1999903678894043,"{""neutral"":0.9974343180656433,""happy"":0.0002972097136080265,""anger/disgust"":0.0006432470981962979,""sadness"":0.0005128163029439747,""surprise"":0.0012630040291696787,""fear"":0.0007081047515384853}"
"আচ্ছা মুমিন ভাইয়েরা এটা গজব না পরিক্ষা.... 🤔🤔🤔","","weaklyNegative",-0.39650316238403316,"{""neutral"":0.7251445055007935,""happy"":0.0116080641746521,""anger/disgust"":0.11614016443490982,""sadness"":0.08298380672931671,""surprise"":0.06807824224233627,""fear"":0.10765425115823746}"
"আজ কোথায় গণতন্ত্রের দেশ ভারত আর কোথায় পাকিস্তান! এবার মোল্লারা নিজেদের মধ্যে কোপাকুপি শুরু করবে। চা ওলা অক্সফোর্ডের মাতালকে পথে বসিয়ে দিল 🤣","","stronglyNegative",-0.9997961521148682,"{""neutral"":0.0027486884500831366,""happy"":0.0026728943921625614,""anger/disgust"":0.955208957195282,""sadness"":0.14816845953464508,""surprise"":0.012763001956045628,""fear"":0.02451391890645027}"
"আজকের বাদশা কালকের ফকির এই প্রবাদ বাক্যটি আবারও প্রমানিত। তারপরেও মানুষ ক্ষমতা পেলে সব ভুলে যায়। পরীক্ষার হলে বসে ফেসবুকে লাইভ করে।তবে পাকিস্তানে যে কিছুটা গনতন্ত্র আছে সেটা প্রমানিত। ইমরান খান অনেকের চাইতে ভালো ছিল।","","weaklyNegative",-0.5997413396835327,"{""neutral"":0.026873577386140823,""happy"":0.5799131393432617,""anger/disgust"":0.5015471577644348,""sadness"":0.4971877932548523,""surprise"":0.0772818922996521,""fear"":0.04742620885372162}"
"আজব এক দেশ,","","stronglyNegative",-0.9981749296188355,"{""neutral"":0.03699222952127457,""happy"":0.009217566810548306,""anger/disgust"":0.18276706337928772,""sadness"":0.081085205078125,""surprise"":0.8322551846504211,""fear"":0.04917149245738983}"
"আঞ্চলিক শান্তি না হুমকি! পাইক্কাগো পারমাণবিক বুমা ১৯৭১ থাকলে বাংলা আজও জ্বলতো! শাপের কোন অংশই কম বিপদজনক নয়","","stronglyNegative",-0.9999134778976441,"{""neutral"":0.007824379950761795,""happy"":0.004512293729931116,""anger/disgust"":0.11386432498693466,""sadness"":0.11164441704750061,""surprise"":0.01887761987745762,""fear"":0.9674652814865112}"
"আটি হেযাটি হে","","stronglyPositive",0.944572949409485,"{""neutral"":0.26117217540740967,""happy"":0.02308250591158867,""anger/disgust"":0.21171732246875763,""sadness"":0.1773487776517868,""surprise"":0.07046680897474289,""fear"":0.3197125494480133}"
"আধিপত্য বাদী ও সাম্রাজ্য বাদী আমেরিকার বলে!!!!","","neutral",-0.199983811378479,"{""neutral"":0.7136627435684204,""happy"":0.005933400709182024,""anger/disgust"":0.31726163625717163,""sadness"":0.04388889670372009,""surprise"":0.06229960545897484,""fear"":0.013595283962786198}"
"আধুনিক হও বেডা,,বিজ্ঞানে মন দেন,এমনিই উন্নতি হবে,,পুরাতন পদ্ধতিতে পড়ে থাকলে পিছনেই যেতে হবে।।","","weaklyNegative",-0.5654170989990235,"{""neutral"":0.0003268001019023359,""happy"":0.0007022835197858512,""anger/disgust"":0.9970664381980896,""sadness"":0.025315232574939728,""surprise"":0.0007399687892757356,""fear"":0.000239338623941876}"
"আনুষ্ঠানিক ক্ষমা চাওয়ার আগে, তাদের সাথে কোন কথাই নাই। অবশ্য শেখ হাসিনা তার স্বার্থের জন্য সব পারবে।","","weaklyNegative",-0.5999367713928223,"{""neutral"":0.017209889367222786,""happy"":0.010963303968310356,""anger/disgust"":0.8765432834625244,""sadness"":0.1682441085577011,""surprise"":0.04042264446616173,""fear"":0.015840178355574608}"
"আপনাদের দেশের মানুষ বেশির ভাগই মিরজাফর যদি একতা থাকতেন আর মানুষকে ভালোবাসতেন তাহলে পাকিস্তান হতো সুপার পাওয়ার বিশ্বে একতা নেই তাই মীর জাফর নয় বলুন রাজাকারের বাচ্চা ওরা তবে আপনাকে আমি মনে প্রানে ভালোবাসি আপনি ভালো মানুষ এগিয়ে যান ইনশাআল্লাহ আপনার মঙ্গল করবেন","","stronglyNegative",-0.9455633163452148,"{""neutral"":0.0023352280259132385,""happy"":0.14542901515960693,""anger/disgust"":0.9755077958106995,""sadness"":0.043497055768966675,""surprise"":0.0017499143723398447,""fear"":0.0016591643216088414}"
"আপনাদের ফোন থেকে তোলা।একটি করে প্রকৃতির সৌন্দর্য তুলে ধরোন। 🥀🙂","","weaklyPositive",0.5999540805816651,"{""neutral"":0.028743809089064598,""happy"":0.9698070287704468,""anger/disgust"":0.0022581417579203844,""sadness"":0.003006068989634514,""surprise"":0.02768145315349102,""fear"":0.0008643590263091028}"
"আপনাদের বড় সমস্যা,বাংলাদেশের মতো ক্ষমতার ভাঁওতা বাজি করছেন না।জনগনকে স্বপ্নে ভাসিয়ে কচু দেওয়া হয়","","stronglyNegative",-0.9998365640640259,"{""neutral"":0.002724079415202141,""happy"":0.002422136953100562,""anger/disgust"":0.9769008159637451,""sadness"":0.06221386417746544,""surprise"":0.0080554885789752,""fear"":0.0068376255221664906}"
"আপনার সারাশরীলে যদি গা থাকে, তা হলে ওষুধ লাগাবেন কয়যায়গাই, পাকিস্তানি আগের থেকেই বেশির ভাগ মানুষ ঘুষখোর,","","stronglyNegative",-0.9996285915374756,"{""neutral"":0.0005030955071561038,""happy"":0.0006933793774805963,""anger/disgust"":0.9946106672286987,""sadness"":0.05043650418519974,""surprise"":0.0018063595052808523,""fear"":0.0018913164967671037}"
"আপনারা বাংলাদেশে ইমরান চর্চা কেনো এতো করছেন বুঝে উঠতে পারছি না।","","weaklyNegative",-0.5998924016952514,"{""neutral"":0.04806486517190933,""happy"":0.028067046776413918,""anger/disgust"":0.7293481826782227,""sadness"":0.17342263460159302,""surprise"":0.169873908162117,""fear"":0.008968375623226166}"
"আপনি আবারো ফিরবেন ইমরান খান আপনার সেই আসনে ইনশাআল্লাহ। আপনার কয়েকটি সফলতার মধ্যে আমেরিকার দালালি না করার সফলতা সবার আগে। বিশ্বাসঘাতক ও মীর জাফররা আছে থাকবে দালালী করবে।ওরা করুক, বিচার একদিন হবেই।","","neutral",0.1544450879096985,"{""neutral"":0.012207793071866035,""happy"":0.7026664614677429,""anger/disgust"":0.7309226989746094,""sadness"":0.10475040972232819,""surprise"":0.008378444239497185,""fear"":0.012055625207722187}"
"আপনি দুধে ধোয়া তুলসি পাতা","","neutral",-0.19369336366653445,"{""neutral"":0.30401477217674255,""happy"":0.01852990686893463,""anger/disgust"":0.45508286356925964,""sadness"":0.02638198621571064,""surprise"":0.10936751216650009,""fear"":0.013120523653924465}"
"আপনি নওয়াজ শরীফ থেকে অনেক ভাল কাজ করেছেন।","","stronglyPositive",0.9999081850051881,"{""neutral"":0.0008197535644285381,""happy"":0.9983547329902649,""anger/disgust"":0.0032332544215023518,""sadness"":0.0015087791252881289,""surprise"":0.0007076679030433297,""fear"":0.00008652315591461957}"
"আপনি ফেরেস্তা 😏","","weaklyPositive",0.5762801408767702,"{""neutral"":0.15321257710456848,""happy"":0.46973446011543274,""anger/disgust"":0.3152658939361572,""sadness"":0.009825763292610645,""surprise"":0.026571009308099747,""fear"":0.0027813853230327368}"
"আপনি লন্ডনে খুব আরামে আছেন","","stronglyPositive",0.9998538017272951,"{""neutral"":0.00021005365124437958,""happy"":0.9996457099914551,""anger/disgust"":0.0003204690001439303,""sadness"":0.00044553130283020437,""surprise"":0.00045379868242889643,""fear"":0.000024891345674404874}"
"আপনি হলেন দৃর্নীতির বরপুত্র! নিরপেক্ষ ভোট হলে ইমরানের সাথে দৌড়াতে পারবেন কি!","","weaklyNegative",-0.5944981575012207,"{""neutral"":0.5459145903587341,""happy"":0.028673464432358742,""anger/disgust"":0.47612282633781433,""sadness"":0.07800642400979996,""surprise"":0.08277509361505508,""fear"":0.026728197932243347}"
"আপাত মস্ত ভদ্রলোকের নাম হচ্ছে ইমরান খান! পাকিস্তানের ভদ্রলোকদের রাজনীতি করা নিষেধ! পাকিস্তানের জনগণের উচিত ইমরান খানের পাশে থাকা,,, কারণ ইমরান খান জ,ঙ্গিবা,দকে অনেকটাই নিয়ন্ত্রণ করতে সক্ষম হয়েছে এবং পাকিস্তানে ক্রিকেট ফিরিয়ে এনেছে,,,, ইমরান খান ক্ষমতাচ্যুত হলে পাকিস্তানসহ ভারতীয় উপমহাদেশে জ,ঙ্গিবা,দের উত্থান হতে পারে,,,","","weaklyPositive",0.5020087242126465,"{""neutral"":0.07370784133672714,""happy"":0.8429730534553528,""anger/disgust"":0.08876406401395798,""sadness"":0.21759414672851562,""surprise"":0.05062750726938248,""fear"":0.18470224738121033}"
"আপ্নিও ছিলেন। এক্সময়।","","stronglyPositive",0.8338172674179078,"{""neutral"":0.8846327662467957,""happy"":0.23069091141223907,""anger/disgust"":0.005145685747265816,""sadness"":0.001958457287400961,""surprise"":0.002142038196325302,""fear"":0.0006077825091779232}"
"আফগানিস্তান, পাকিস্তান, ও বাংলাদেশ এই দেশে নিজেদের মধ্যে ঝামেলা সৃষ্টি করা খুব সহজ. ভারতে সম্ভব না","","stronglyNegative",-0.9997246265411377,"{""neutral"":0.05133814737200737,""happy"":0.004958630073815584,""anger/disgust"":0.7242730259895325,""sadness"":0.44574394822120667,""surprise"":0.015017110854387283,""fear"":0.010308533906936646}"
"আবার আসবেন।","","neutral",0.19952833652496338,"{""neutral"":0.2922869026660919,""happy"":0.8446109294891357,""anger/disgust"":0.0040305727161467075,""sadness"":0.006312282755970955,""surprise"":0.0013104291865602136,""fear"":0.0006595803424715996}"
"আবারও আসবেন এমরান খান ✌️✌️","","weaklyPositive",0.4091077566146851,"{""neutral"":0.029942741617560387,""happy"":0.9714940190315247,""anger/disgust"":0.003888781415298581,""sadness"":0.00227919383905828,""surprise"":0.013175575993955135,""fear"":0.0006298402440734208}"
"আবারও পাকিস্তানের প্রধানমন্ত্রী হবে ইমরান খান","","weaklyPositive",0.580799698829651,"{""neutral"":0.3601597547531128,""happy"":0.6171758770942688,""anger/disgust"":0.009265325032174587,""sadness"":0.0010966469999402761,""surprise"":0.010168367065489292,""fear"":0.0003987568779848516}"
"আবারো বীরের বেশে আসবে ফিরে ইমরান খান (আপোষহীন মুসলিম নেতা ইমরান খান) ইনশাআল্লাহ্","","stronglyPositive",0.9998938322067261,"{""neutral"":0.007176766637712717,""happy"":0.9923450350761414,""anger/disgust"":0.003218557918444276,""sadness"":0.0010730333160609007,""surprise"":0.0017371269641444087,""fear"":0.00022691157937515527}"
"আম পাঠানোর সময় আসিতেছে।","","neutral",0.19953706264495852,"{""neutral"":0.0789775550365448,""happy"":0.9603630304336548,""anger/disgust"":0.002153074834495783,""sadness"":0.0018208901165053248,""surprise"":0.001053412677720189,""fear"":0.0003870775690302253}"
"আমরা আশাবাদী ইমরান খান আবার ফিরবেই","","weaklyPositive",0.5873359441757203,"{""neutral"":0.029689576476812363,""happy"":0.9773937463760376,""anger/disgust"":0.003898327937349677,""sadness"":0.0013558282516896725,""surprise"":0.0008153877570293844,""fear"":0.0002442754339426756}"
"আমরা আশাবাদী ইমরান খান আবার ফিরবেইভালবাসার অপর নাম, সাহসী বীর ইমরান। দোয়া ও ভালবাসা রহিল।","","stronglyPositive",0.9999397277832032,"{""neutral"":0.0024791499599814415,""happy"":0.9980277419090271,""anger/disgust"":0.0009183519869111478,""sadness"":0.0012664733221754432,""surprise"":0.0009871545480564237,""fear"":0.00021244246454443783}"
"আমরা পাকিস্তান নিয়ে মাতা মাতি না করি","","weaklyNegative",-0.5968691825866699,"{""neutral"":0.013353628106415272,""happy"":0.006429586093872786,""anger/disgust"":0.9051478505134583,""sadness"":0.1503668874502182,""surprise"":0.012991041876375675,""fear"":0.03650924190878868}"
"আমরা সব ভালো রাজনৈতিক নেতা পেয়েছি, ইনারা এসব করেন না।","","weaklyNegative",-0.5245563745498657,"{""neutral"":0.01801450550556183,""happy"":0.10441729426383972,""anger/disgust"":0.5594763159751892,""sadness"":0.3547029495239258,""surprise"":0.04561745002865791,""fear"":0.005297671537846327}"
"আমরাও রাজাকার‌দের কথা ম‌নে ক‌রি‌য়ে দি‌তে চাই","","weaklyNegative",-0.5775686979293824,"{""neutral"":0.005212395917624235,""happy"":0.0013417041627690196,""anger/disgust"":0.9210795164108276,""sadness"":0.10310143232345581,""surprise"":0.0034803948365151882,""fear"":0.010845127515494823}"
"আমাদের এখন অনেক মিল, শাহবাজ ও রাতের ভোট এ নির্বাচিত","","neutral",0.19994651079177858,"{""neutral"":0.06024422124028206,""happy"":0.022429080680012703,""anger/disgust"":0.661104142665863,""sadness"":0.4076399505138397,""surprise"":0.1178494393825531,""fear"":0.027798758819699287}"
"আমাদের এখান থেকে কিছু বাংপাকি নিয়ে তোমার দলবারী করো","","weaklyNegative",-0.5987183332443238,"{""neutral"":0.0013167953584343195,""happy"":0.0014650995144620538,""anger/disgust"":0.992610514163971,""sadness"":0.016072237864136696,""surprise"":0.0008087345631793141,""fear"":0.0005506601883098483}"
"আমাদের দেশ থেকে গুজব সৃষ্টিকারি আর মিথ্যারট কারি আর ফেক আইডি খুলে ধর্ম অন্য ধর্মকে লোককে মিথ্যা ফাঁসায় তারা যাবে আর পাকিস্তানের প্রধান মন্ত্রীকে ৫ বছর পূর্ণ করতে সহয়তা করবে","","stronglyNegative",-0.9999374866485595,"{""neutral"":0.0027460220735520124,""happy"":0.003814827185124159,""anger/disgust"":0.9851726293563843,""sadness"":0.04269728064537048,""surprise"":0.004393719136714935,""fear"":0.005206919740885496}"
"আমাদের দেশে যেটা অসম্ভব","","stronglyNegative",-0.9997595310211181,"{""neutral"":0.006935156416147947,""happy"":0.00033404253190383315,""anger/disgust"":0.26864659786224365,""sadness"":0.405790239572525,""surprise"":0.2631249725818634,""fear"":0.056969378143548965}"
"আমাদের দেশেও রয়েছে মির জাফর কিন্তু বস্তাবনদি","","weaklyNegative",-0.5997326612472533,"{""neutral"":0.002978832460939884,""happy"":0.003196962643414736,""anger/disgust"":0.9472764134407043,""sadness"":0.18982169032096863,""surprise"":0.0038932908792048693,""fear"":0.0023843764793127775}"
"আমাদের দেশের মত অবস্থা! ডাকাত ছিঁছকে চোরকে নিয়ে ব্যস্ত","","stronglyNegative",-0.9999476909637451,"{""neutral"":0.006029354874044657,""happy"":0.002225978998467326,""anger/disgust"":0.8873720169067383,""sadness"":0.32180583477020264,""surprise"":0.006572355050593615,""fear"":0.004854792729020119}"
"আমাদের দেশের রাজাকাররা ও তাদের দোসররা এখনো বুঝতে শিখো পাকিস্তান কখনই ভাল ছিলনা ভবিষ্যতেও ভালো হবে কিনা বলা যায়না। পাকিস্তানকে ভালো না বেসে নিজের জন্মভূমি বাংলাদেশকে ভালোবাসো।","","weaklyNegative",-0.40636994838714596,"{""neutral"":0.002258508000522852,""happy"":0.00289065670222044,""anger/disgust"":0.9787108302116394,""sadness"":0.08878174424171448,""surprise"":0.001483576837927103,""fear"":0.003131968667730689}"
"আমাদের দেশের সরকারের সহযোগিতা প্রয়োজন,,🤣🤣","","weaklyPositive",0.5998641014099122,"{""neutral"":0.9887224435806274,""happy"":0.005887570790946484,""anger/disgust"":0.005086282733827829,""sadness"":0.006951555609703064,""surprise"":0.0030148376245051622,""fear"":0.003689384553581476}"
"আমাদের পাকিস্তান পন্থী ২-৪ টে লোকরে মেনশন দিতে মন চাই, ওরা বাংলাদেশের মতো নষ্ট দেশে থাকে কেন????","","stronglyNegative",-0.9999253034591675,"{""neutral"":0.0013735356042161584,""happy"":0.000653480994515121,""anger/disgust"":0.9889197945594788,""sadness"":0.03505216911435127,""surprise"":0.0029382144566625357,""fear"":0.0011683194898068905}"
"আমাদের মাননীয় প্রধানমন্ত্রী কে নিয়ে কিছু লিখুন, বাংলাদেশের উন্নয়ন নিয়ে লিখুন, বাংলাদেশের লুটপাট নিয়ে লিখুন, তা- না করে আপনারা পরে রয়েছেন ইমরান খাঁন কে নিয়ে।","","stronglyNegative",-0.9998850584030151,"{""neutral"":0.0011472584446892142,""happy"":0.0013301869621500373,""anger/disgust"":0.9911551475524902,""sadness"":0.042198408395051956,""surprise"":0.002949667628854513,""fear"":0.00163075455930084}"
"আমাদের সরকারের কাছ থেকে ট্রেনিং নেওয়া দরকার ছিলো,কিভাবে রাতের ভোট এ জিতা যায়।","","weaklyNegative",-0.5997941017150878,"{""neutral"":0.01051179226487875,""happy"":0.002922356128692627,""anger/disgust"":0.9480867385864258,""sadness"":0.0713762491941452,""surprise"":0.02066909335553646,""fear"":0.009640692733228207}"
"আমাদের হাসিনা আন্টি 10 বছর যাবৎ আছে জোরজবস্তি করে😅 কিন্তু ইমরান খান ভালো লোক ছেড়ে দিছে স্বেচ্ছায়✅","","weaklyNegative",-0.48318767547607416,"{""neutral"":0.030047830194234848,""happy"":0.009952995926141739,""anger/disgust"":0.8179311752319336,""sadness"":0.24968931078910828,""surprise"":0.06409233063459396,""fear"":0.019943751394748688}"
"আমার প্রানের বাংলাদেশ","","stronglyPositive",0.9994024515151978,"{""neutral"":0.03301161900162697,""happy"":0.9722670316696167,""anger/disgust"":0.0019217345397919416,""sadness"":0.0014257547445595264,""surprise"":0.0014181248843669891,""fear"":0.0003091793623752892}"
"আমার মতে,,, ইমরান খান ভালো লোক ছিলেন,,, পাকিস্তান দেশটা ভালো ছিল,,, জানিনা এখন কি হবে!!","","weaklyPositive",0.5975614309310914,"{""neutral"":0.2710613012313843,""happy"":0.515165388584137,""anger/disgust"":0.02043772116303444,""sadness"":0.12429411709308624,""surprise"":0.02723749727010727,""fear"":0.18717600405216217}"
"আমি অত্যন্ত দুঃখিত যে চোর, লুটেরা, ডাকাতকে প্রধানমন্ত্রীর পদ দেওয়া হয়েছে এবং যে দেশের প্রতি অনুগত তাকে সরিয়ে দেওয়া হয়েছে।আমার বলার কিছু নাইরাজনীতিতে প্রথমবারের মতো কোনো নেতাকে নিয়ে ভালো কথা শোনা যাচ্ছে হৃদয়ে।আল্লাহ এই প্রিয় মাতৃভূমিকে বিশ্বাসঘাতক, মুনাফিক, চোর-ডাকাত থেকে মুক্ত করুন এবং যারা আন্তরিক তাদের রক্ষা করুন। আমীন","","weaklyPositive",0.345078456401825,"{""neutral"":0.013683580793440342,""happy"":0.17554202675819397,""anger/disgust"":0.25807246565818787,""sadness"":0.8009858727455139,""surprise"":0.05264455825090408,""fear"":0.2920861542224884}"
"আমি আশাবাদী ছিলাম শেষ খেলা ইমরান খানঁ খেলবেন।","","weaklyPositive",0.599969244003296,"{""neutral"":0.08287965506315231,""happy"":0.9480698108673096,""anger/disgust"":0.004577569663524628,""sadness"":0.004323452245444059,""surprise"":0.007174924947321415,""fear"":0.000940974336117506}"
"আমিও অনেক ক্ষুব্ধ প্রকাশ্যে ৮ জন মুসলিমদের প্রকাশ্যে সেদিনও হত্যা করা হলো।তারা ফোন দিয়ে আত্মীয় স্বজনের কাছে সাহায্য চেয়েছিলো।।আত্মীয়রা পুলিশের দাড়ে দাড়ে ঘুরেছে কেউ সাহায্য করেনি।কেউ ঘটনাস্থলে যায়নি।মুসলিম দেখলেই বিজিবির নোংরা মন্তব্য।বোরকা পড়তে বাধা দেয়া।উগ্রবাদিরা এসে হামলা করা।নামাযের জন্য সামান্য কিছু জায়গা বেধে দেয়া সেখানে সব মুসলিমকে গাধাগাধি করে নামায পড়তে বাধ্য করা লাইন ক্রস করলেই নামাযরত মানুষদের উপর হামলা।মুসলিমদের কোনো বড় সরকারি হোক বা বেসরকারি কোথাও চাকরি না দেয়া।ব্যবসা বানিজ্য কিছু করতে না দেয়া।তারা যারা একটু ভালো কাজ করে তাও ধর্মীয কাজের সুযোগ তো পায়ইনা।তাদের পরিচয গোপন করে নামতে হয়।বিজেবির মুসলিমদের এত কোনঠাসা করার পরেও তাদের সামান্য মৌলিক অধিকারটুকু না দেয়া।নাগরিক আইন সহ সকল আইনে মুসলিমদের প্রতি সহিংসতা।তাদের থেকে কোনো কিছু না কেনার জন্য উৎসাহ দেয়া।প্রকাশ্যে হত্যা।যেসময় বাংলাদেশে সাম্প্রদায়িক ঘটনা ঘটেছে তিনজন মানুষও মরেনি তবে ঠিক সেই সময়েই আসামে ত্রিপুরায় মুসলিমদের গ্রাম জ্বালিয়ে দেয়া হয়েছিলো।পানির জন্য মুসলিমরা হাহাকার করছে।অতিতের গুজরাটসহ কত কত দাঙ্গার নৃশংস হত্যাগুলোর কথা নাই বললাম বাংলাদেশে তিনজন হিন্দুও মরলোনা অথচ ফেসবুকে ইন্ডিয়া হ্যাশট্যাগের বন্যা পত্র পত্রিকায় আন্দোলন কত কি করলো অথ সেই সময় আসামে ৪০ জন শিশু ও ১৫ জন নারী ও ৩৫ জন পুরুষকে আগুন জ্বালিয়ে দাঙ্গা হামলা করে এত অত্যাচার করছিলো তা বিবিসির মতো আন্তর্জাতিক মিডিয়া তুলে ধরলো তবে ভারতের কোথাও সে কথা উল্লেখ করলোনা।একসময় আমি হিন্দুদের ভাই মনে করতাম।একসাথে স্কুলে যাওয়া।পদ্মায় সাতার কাটা। হিন্দু হওয়া সত্তেও ওদের নিয়ে মসজিদে বসে রোযায় ইফতার করা।একসাথে ঈদ করা ওদের হাতে মেহেদি দিয়ে দেয়া।শবে বরাতে ওদের বাড়িতে হালুয়া নিয়ে যাওয়া।কত সুন্দর সেই দিনগুলো ছিলো কল্পনাতেও তো এরকম ও হিন্দু আমি মুসলিম এরকম কিছু ভাবছিলামনা।তবে আজ এদেশের হিন্দুদেরও ভারতের মতো সর্বত্র এরকম নোংরা কমেন্ট। ওদের মধ্যেও এরকম উগ্র মনোভাব।ভারতের ইসকনের মতো বিভিন্ন নোংরা সংগঠনগুলো ধর্মে প্রচারের নামে এদেশেও যখন কৌশলে উগ্র ও হিংসা ঢুকিয়ে দিচ্ছে এবার হিন্দুদের দেখলেই পথে ঘাটে আমার মুখ ছিড়ে নৃশংসভাবে হত্যা করতে ইচ্ছা করে","","stronglyNegative",-0.9996415853500367,"{""neutral"":0.0028327046893537045,""happy"":0.01020265743136406,""anger/disgust"":0.8695434927940369,""sadness"":0.4552259147167206,""surprise"":0.025009099394083023,""fear"":0.15475429594516754}"
"আমিও একটা কিনতে চাইছিলাম!","","weaklyPositive",0.5645167589187623,"{""neutral"":0.9961446523666382,""happy"":0.005769492592662573,""anger/disgust"":0.0005973097868263721,""sadness"":0.0009357950184494257,""surprise"":0.0016167114954441786,""fear"":0.00044388906098902225}"
"আমিন","","weaklyPositive",0.5997727632522584,"{""neutral"":0.4196823835372925,""happy"":0.26361799240112305,""anger/disgust"":0.007929384708404541,""sadness"":0.0854516476392746,""surprise"":0.004042423330247402,""fear"":0.01833154633641243}"
"আমেরিকা এবং পুরো পশ্চিমা সভ্যতার কাছে মাথা নত না করা প্রথম পাকিস্তানি প্রধানমন্ত্রী ইমরান খান।","","stronglyPositive",0.9998820066452028,"{""neutral"":0.9864760041236877,""happy"":0.005928991828113794,""anger/disgust"":0.005129426717758179,""sadness"":0.002197431866079569,""surprise"":0.011189970187842846,""fear"":0.0010221968404948711}"
"আমেরিকা ও ইজরায়েলের আতংকের নাম ইমরান খান ও এরদোয়ান....","","stronglyPositive",0.9744607210159303,"{""neutral"":0.022733652964234352,""happy"":0.009783990681171417,""anger/disgust"":0.09139950573444366,""sadness"":0.044680289924144745,""surprise"":0.03466600179672241,""fear"":0.9615882039070129}"
"আমেরিকাকে কটাক্ষ করে কিছু বললেই পররাষ্ট্র নীতি দূর্বল।","","stronglyNegative",-0.9996880531311035,"{""neutral"":0.004612910095602274,""happy"":0.0014760041376575828,""anger/disgust"":0.9828990697860718,""sadness"":0.03835982829332352,""surprise"":0.0025180852971971035,""fear"":0.0012333239428699017}"
"আমেরিকাকে কেন দোষ দিচ্ছে পাকিস্তানের সাবেক প্রধান মন্ত্রী? পাকিস্তান আমেরিকার কুটনৈতিক সম্পর্ক কেমন ছিল অথবা ভবিষ্যতে কেমন হবে তা নিয়ে বাঙালীদের এত মাথাব্যাথা কেন? আমেরিকার চালে যদি পাকিস্তানের সাবেক প্রধানমন্ত্রী বিখ্যাত সাবেক ক্রিকেটার ইমরান খান কুপোকাত হয় তবে বাংলাদেশে এমন কিছু ঘটে যেতেও পারে! তাইনা? এমন আশায় বুক বেঁধে কোন লাভ নাই। ভবিষ্যতে আর কোনদিনই আপনারা কাংখিত সাফল্যের মুখ দেখতে পারবেননা কারন আপনারা অতীতেও স্বাধীনতার বিরোধীতা করেছেন আর বর্তমানেও তাদের সাথেই সম্পর্কিত।ইতিমধ্যে ইমরান খানকে নিয়ে বাংলাদেশের ফেইজবুক ও মিডিয়াতে এত টানাটানি কেনরে ভাই? কি এমন আদর্শের ফুলঝুরি তাদের মাঝে? পাকিস্তানের রাজনীতি থেকে বাঙালীদের আদর্শিত হবার কিছুই আছে কি? বরংঞ্চো বাঙালীদের ঐতিহ্য রাজনীতি, ৫২ এর ভাষা আন্দোলন, ইতিহাসে ৬৯এর গনঅভ্যুথান, ৭০ এর নির্বাচন, বাঙালীদের সংসদে যেতে না দেয়া, মাতৃভাষা কেড়ে নেয়ার চেষ্টা, ৭১ এর যুদ্ধ এবং শুকুর আলহামদুলিল্লাহ্ আমরা পাকিস্তানের জিম্মি হতে স্বাধীন হতে পেরেছি এটাই বাঙালীদের বড় স্বার্থকতা। এই ইতিহাস স্বগৌরবে প্রচার করুন তবে বাংলাদেশী বলে গৌরব করতে পারবেন।ইমরান খানকে নয়, জানতে হলে বাংলাদেশের ইতিহাস জানুন, নিজ দেশের প্রধান মন্ত্রী জননেত্রী শেখ হাসিনাকে জানুন। জয় বাংলা।মোঃ কামাল পারভেজ।বরিশাল থেকে।","","weaklyNegative",-0.5627996444702148,"{""neutral"":0.02281281165778637,""happy"":0.16639454662799835,""anger/disgust"":0.7807517051696777,""sadness"":0.39743009209632874,""surprise"":0.06117694452404976,""fear"":0.15498830378055573}"
"আমেরিকান এজেন্সি, পাক আর্মি, বিরোধী সকল পার্টি, নিজ দলের পক্ষত্যাগীসহ সকল প্রতিপক্ষকে এক ধাক্কায় উড়িয়ে মারলেন ইমরান খান! তারা সম্ভবত ভাবতেও পারেন নি ব্যাপারটি এমন হবে। বরং তারা তো প্রস্তুতি নিচ্ছিলেন কে কোন চেয়ারে বসবেন! অবশ্য এটাই শেষ নয়। এবার শুরু হবে নতুন লড়াই। ইমরানকে বন্দি, আর্মিদের ক্ষমতা দখল, ইমরান হত্যাসহ নানা সম্ভাবনা আছে। যদি আল্লাহর ইচ্ছায় এসব কিছু ডিঙিয়ে ইমরান খান নির্বাচন পর্যন্ত যেতে পারেন তবে তাকে আর আটকানো যাবে না ইনশাআল্লাহ।","","stronglyPositive",0.9585001230239869,"{""neutral"":0.06649355590343475,""happy"":0.6116079688072205,""anger/disgust"":0.14048558473587036,""sadness"":0.38519415259361267,""surprise"":0.3077287971973419,""fear"":0.5434433817863464}"
"আমেরিকান সঙ্গে পাঙ্গা নেবার পরিনতির ফল| ক্ষমতাচ্যুত ইমরান খান","","stronglyNegative",-0.9997673511505127,"{""neutral"":0.06451442092657089,""happy"":0.026055650785565376,""anger/disgust"":0.7770821452140808,""sadness"":0.21900637447834015,""surprise"":0.015178696252405643,""fear"":0.014675862155854702}"
"আমেরিকান সবক।","","neutral",0.19921895265579226,"{""neutral"":0.9831785559654236,""happy"":0.008582092821598053,""anger/disgust"":0.00839244108647108,""sadness"":0.0009723738767206669,""surprise"":0.006323352921754122,""fear"":0.0004174624045845121}"
"আমেরিকার","","neutral",0.1998948931694031,"{""neutral"":0.6423736810684204,""happy"":0.034409936517477036,""anger/disgust"":0.04470590129494667,""sadness"":0.06347823888063431,""surprise"":0.005586252547800541,""fear"":0.004688562359660864}"
"আমেরিকার এক চালে ইমরান কাইত....রাশিয়া & চায়নার সাথে মিত্রতার ফল। এবার আবার পুতুল সরকার🤔","","weaklyNegative",-0.5998605251312256,"{""neutral"":0.02039976604282856,""happy"":0.0059666745364665985,""anger/disgust"":0.9076647162437439,""sadness"":0.14672870934009552,""surprise"":0.05071050673723221,""fear"":0.034198470413684845}"
"আমেরিকার এক চিঠিতে ক্লিন বোল্ড আউট মিস্টার ইমরান।","","stronglyNegative",-0.999081015586853,"{""neutral"":0.17660485208034515,""happy"":0.1637991964817047,""anger/disgust"":0.3513152301311493,""sadness"":0.26948216557502747,""surprise"":0.24269165098667145,""fear"":0.06785528361797333}"
"আমেরিকার গোলাম হয়ে প্রধানমন্ত্রী থাকার চেয়েও স্বাধীন দেশ প্রেমিক হয়ে রাস্তার ভিখারি হওয়াও সম্মান জনক। - ইমরান খান।","","weaklyPositive",0.43181364536285405,"{""neutral"":0.07975225895643234,""happy"":0.12726528942584991,""anger/disgust"":0.7393285036087036,""sadness"":0.14325889945030212,""surprise"":0.025838736444711685,""fear"":0.012428870424628258}"
"আমেরিকার টাকার কাছে আর লোভী পাকিস্থানী নেতাদের কাছে 🤗🤗🤗","","stronglyNegative",-0.9998538017272949,"{""neutral"":0.004211810417473316,""happy"":0.002294398844242096,""anger/disgust"":0.9589067101478577,""sadness"":0.0705314427614212,""surprise"":0.005501632113009691,""fear"":0.009145990014076233}"
"আমেরিকার দালালদের বলে আউট হলে ও দ্বিগুণ শক্তিশালী হয়ে ফিরে আসবেন মুসলিম বিশ্বের ক্যাপ্টেন💗💗","","stronglyPositive",0.9993894338607789,"{""neutral"":0.6231093406677246,""happy"":0.058359503746032715,""anger/disgust"":0.31574758887290955,""sadness"":0.05319061875343323,""surprise"":0.054159000515937805,""fear"":0.01967538893222809}"
"আমেরিকার পছন্দ ই বড় পছন্দ।","","stronglyPositive",0.9998780250549317,"{""neutral"":0.024744030088186264,""happy"":0.27980706095695496,""anger/disgust"":0.8218167424201965,""sadness"":0.06298090517520905,""surprise"":0.015083151869475842,""fear"":0.005489313509315252}"
"আমেরিকার শিখানো কথা","","neutral",-0.1999072790145874,"{""neutral"":0.020513340830802917,""happy"":0.005773385986685753,""anger/disgust"":0.938144862651825,""sadness"":0.05428195744752884,""surprise"":0.016452735289931297,""fear"":0.006203649565577507}"
"আম্পায়ার তার নিজের স্বাথে্ অন্যকে জিতে দিয়েছে","","weaklyNegative",-0.5983123779296875,"{""neutral"":0.13452522456645966,""happy"":0.17165090143680573,""anger/disgust"":0.6602298021316528,""sadness"":0.0818229541182518,""surprise"":0.08809633553028107,""fear"":0.01089143194258213}"
"আর আপনি বাচ্চা নবাব সিরাজ..যার রাষ্ট্র পরিচালনার যোগ্যতা নেই।","","stronglyNegative",-0.9998679161071777,"{""neutral"":0.0005067216698080301,""happy"":0.00041155159124173224,""anger/disgust"":0.995657205581665,""sadness"":0.012114198878407478,""surprise"":0.002974954666569829,""fear"":0.0007489937706850469}"
"আলিমদার যেমন রুবেল বলকে নো বল ঢেকেছিলো তেমন","","neutral",-0.1989689350128174,"{""neutral"":0.36624497175216675,""happy"":0.0050299507565796375,""anger/disgust"":0.3501288890838623,""sadness"":0.04673943296074867,""surprise"":0.20294950902462006,""fear"":0.036484166979789734}"
"আলুমার্কা নিউজ।","","stronglyNegative",-0.9976081371307373,"{""neutral"":0.00016563886310905218,""happy"":0.00035029262653551996,""anger/disgust"":0.999552309513092,""sadness"":0.001287564868107438,""surprise"":0.0004111580492462963,""fear"":0.000016293643056997098}"
"আল্লাহ আপনার মঙ্গল করুন অামিন।","","stronglyPositive",0.999655294418335,"{""neutral"":0.10611023008823395,""happy"":0.827747642993927,""anger/disgust"":0.002548164688050747,""sadness"":0.03614165261387825,""surprise"":0.0008848976576700807,""fear"":0.007015956565737724}"
"আল্লাহ উনাকে সাহায্য করুন 🥰","","stronglyPositive",0.9996703863143922,"{""neutral"":0.6262938380241394,""happy"":0.08360631763935089,""anger/disgust"":0.010562053881585598,""sadness"":0.13145387172698975,""surprise"":0.01003332994878292,""fear"":0.12465585768222809}"
"আল্লাহ সব কিছুর মালিক","","stronglyPositive",0.9985894441604615,"{""neutral"":0.09770173579454422,""happy"":0.9174721837043762,""anger/disgust"":0.0032260350417345762,""sadness"":0.0012308623408898711,""surprise"":0.007565592415630817,""fear"":0.0007192600751295686}"
"আশা করি ইমরান টিকে যাবে","","weaklyPositive",0.599876356124878,"{""neutral"":0.01495903916656971,""happy"":0.9875203371047974,""anger/disgust"":0.00150293146725744,""sadness"":0.0007936803158372641,""surprise"":0.0008312631980516016,""fear"":0.00018936103151645511}"
"আশা করি শিগ্রই বীরের বেশে মাঠে ফিরবেন✌️✊✊","","weaklyPositive",0.599904465675354,"{""neutral"":0.021235238760709763,""happy"":0.9821187257766724,""anger/disgust"":0.004150415770709515,""sadness"":0.0015644007362425327,""surprise"":0.0019479990005493164,""fear"":0.00031687525915913284}"
"আসংখা হচ্ছে পাকিস্তান তাই হবে মনে হয়।","","weaklyNegative",-0.5994383096694946,"{""neutral"":0.17859719693660736,""happy"":0.032599788159132004,""anger/disgust"":0.0898694172501564,""sadness"":0.4875331223011017,""surprise"":0.11728376895189285,""fear"":0.1544768512248993}"
"আসসালামু আলাইকুম মুস.লিম উম্মাহ এক হও, এক হও।পাকি.স্থানের মাননীয় প্রধানমন্ত্রী(সাবেক) ইমরান খান মহান আ,ল্লাহ রব্বুল আলামীন মনোনীত মুস,লমানদের দ্বিতীয় খলিফা।এরদোগানের পরে আর শী জিনপিং আগে তার অবস্থান ।অভি.শপ্ত ইহু.দীনাছারাহি.ন্দুনাস্তিকরা ষড়.যন্ত্রের মাধ্যমে তাকে গদি থেকে অপসারণ করেছে। এই ঘোর দুঃসময়ে আ.ল্লাহ তাআ.লাকেও(বরাবরের মত ) খুঁজে পাওয়া যাচ্ছে না।মু.সলিম উম্মার জন্য কোন সাহায্য আসছে না।আল্লা.হতালাকে খুঁজে পেয়ে সাহায্য পাওয়ার জন্য আমরা কাওয়ারচরবাসী স্বউদ্যোগে বিশেষ টিম গঠন করেছি।আল্লা.হপাককে খুঁজে পাওয়া মাত্রই আমরা তাকে সকল বিষয়ে অবহিত করব।অতঃপর তার নেওয়া শপথ অনুযায়ী নিশ্চয়ই তিনি ফেরে.শতা বাহিনীকে পাঠানোর মাধ্যমে খ.লিফা ইমরানের গদিকে ইহু,দীনাসারাদের এজেন্ট হইতে রক্ষা করবেন।এই মহান কর্মে চাইলে আপনিও শরিক হতে পারেন।আমাদের সার্চ কমিটিতে যোগ দান করুন অথবা মুক্ত হস্তে দান করুন। আমাদের বিকাশ নাম্বার --0123456789, রকেট নাম্বার--9876543210","","weaklyNegative",-0.3578100085258483,"{""neutral"":0.05381826311349869,""happy"":0.5020807385444641,""anger/disgust"":0.18329168856143951,""sadness"":0.6403887271881104,""surprise"":0.07360922545194626,""fear"":0.337777704000473}"
"আসিফ আলী জারদারির একটা বড় চোর। চোরের বেটা চোর বিলাওল জারদারি","","stronglyNegative",-0.9996742963790893,"{""neutral"":0.0004341172461863607,""happy"":0.0010304152965545654,""anger/disgust"":0.9980913996696472,""sadness"":0.004960291553288698,""surprise"":0.0010909239063039422,""fear"":0.0002434560446999967}"
"ইমরান খান আসলেই একজন দেশপ্রেমিক ধার্মীক ব্যাক্তি, অনেক দোয়া রইলো উনার মতো একজন দেশপ্রেমিক মুসলিম এর জন্য","","stronglyPositive",0.9999596118927003,"{""neutral"":0.0005378702189773321,""happy"":0.9992691874504089,""anger/disgust"":0.0010067707626149058,""sadness"":0.00044764450285583735,""surprise"":0.0005680599715560675,""fear"":0.000045189026423031464}"
"ইমরান খান এই কয়েক বছরে যা করেছে তা নওয়াজ শরিফ ৩০ বছরেও করতে পারবেনা।","","stronglyNegative",-0.9991659879684448,"{""neutral"":0.06228726729750633,""happy"":0.03253784403204918,""anger/disgust"":0.6733425855636597,""sadness"":0.203344464302063,""surprise"":0.11809604614973068,""fear"":0.015787450596690178}"
"ইমরান খান একজন পারফেক্ট অলরাউন্ডার,আবার ও প্রমান করলো,,","","stronglyPositive",0.9973911285400392,"{""neutral"":0.006840812973678112,""happy"":0.9875730872154236,""anger/disgust"":0.0067179505713284016,""sadness"":0.0021121727768331766,""surprise"":0.021770739927887917,""fear"":0.00043624910176731646}"
"ইমরান খান একজন শ্রেষ্ট লিডার উনি থাকলে আরো উন্নতি হতো ।","","stronglyPositive",0.9992840766906739,"{""neutral"":0.0005792831070721149,""happy"":0.9990918636322021,""anger/disgust"":0.001205535139888525,""sadness"":0.0023472446482628584,""surprise"":0.0003882017335854471,""fear"":0.000053067436965648085}"
"ইমরান খান একবার বাংলাদেশে আসতে পারলেই তাকে প্রধানমন্ত্রী থেকে আর কেউ সরাতে পারবে না।","","stronglyPositive",0.9990926027297975,"{""neutral"":0.44828110933303833,""happy"":0.1914919763803482,""anger/disgust"":0.23632989823818207,""sadness"":0.06932242959737778,""surprise"":0.07637175172567368,""fear"":0.011699359863996506}"
"ইমরান খান এত গরিব হয়ে গেল","","stronglyNegative",-0.9992017984390259,"{""neutral"":0.0011322583304718137,""happy"":0.0009233737364411354,""anger/disgust"":0.002846919232979417,""sadness"":0.9969671368598938,""surprise"":0.002100230660289526,""fear"":0.0020895416382700205}"
"ইমরান খান ও জেমিমা খানের বিবাহ বিচ্ছেদের সময় কোর্টের বিচারক ঘোষণা করলেন, জেমিমার সম্পত্তির অর্ধেক ১০০ মিলিয়ন পাউন্ড ইমরান খান পাবেন। .ইমরান খান উত্তর দিলেন, আমার ও'সব দরকার নেই। বিচারক আশ্চর্য হয়ে গেলেন, জেমিমাকে জিজ্ঞেস করলেন, তিনি কেন এরকম নির্লোভ এবং মহান একজন স্বামীর সাথে বিচ্ছেদ চাচ্ছেন? .জেমিমার উত্তর ছিল, ইমরান খান যদি লন্ডনে তার সাথে বসবাস করেন তাহলে তিনি এই বিচ্ছেদ চাইবেন না। বিচারক জিজ্ঞেস করলেন- জেমিমা, আপনি কেন পাকিস্থানে থাকতে চান না?.জেমিমার উত্তর ছিল, পাকিস্তানের কলুষিত নোংরা রাজনীতির শিকারে পরিণত হচ্ছেন তিনি। নওয়াজ শরিফ সরকার তাঁকে স্মাগলিং মামলায় ফাঁসিয়েছে। .বিচারক ইমরান খানকে জিজ্ঞেস করলেন তিনি কেন লন্ডনে থাকতে চাচ্ছেন না?ইমরান খানের উত্তর ছিল পাকিস্তান অনেক গরিব দেশ, এই দেশে অশিক্ষা দারিদ্র্য অবিচারে ভরপুর-তিনি কিছু একটা করতে চান দেশের জন্য। তাই লন্ডনে থেকে তার জন্য কিছু করা সম্ভব নয়। .বিচারক বলেন, সে ক্ষেত্রে বাচ্চা দু'জন তাদের মায়ের সাথে থাকবে। ইমরান সানন্দে রাজি হলেন এবং বললেন, জেমিমা অত্যন্ত চমৎকার একজন স্ত্রী এবং তারচেয়েও চমৎকার একজন মা। সুতরাং বাচ্চাদের তাঁর কাছেই থাকা উচিত।.বিচারক আশ্চর্য হয়ে তাকিয়ে রইলেন ইমরান খানের দিকে। ইমরান খানের সাথে হাত মেলালেন এবং তার পরপরই বিবাহ বিচ্ছেদ ঘোষণা করলেন। .জেমিমা ও ইমরান খান পরস্পরকে জড়িয়ে ধরে কাঁদতে থাকলেন।আজ নোংরা পলিটিক্সের শিকার হয়ে পাকিস্তানের ক্ষমতা থেকে বিদায় নিতে হলো। সবচাইতে আশ্চর্যের বিষয় হলো অনাস্থা ভোটে হেরে যাওয়ার পর এক ঘন্টার মধ্যে সরকারি বাসভবন ছাড়লেন।খালি হাতে এসেছিলেন, আবার খালি হাতেই বের হয়ে গেলেন।সংগৃহিত","","weaklyNegative",-0.5370630979537964,"{""neutral"":0.024563271552324295,""happy"":0.2571914792060852,""anger/disgust"":0.1173645406961441,""sadness"":0.7689184546470642,""surprise"":0.42272141575813293,""fear"":0.25015613436698914}"
"ইমরান খান কি শেখ হাসিনার মতো বেহায়া নাকি😆","","weaklyNegative",-0.5995843887329102,"{""neutral"":0.0006829494959674776,""happy"":0.00010360237502027303,""anger/disgust"":0.9988501071929932,""sadness"":0.0013236047234386206,""surprise"":0.0010757256532087922,""fear"":0.00005150293145561591}"
"ইমরান খান ক্ষমতা থেকে সরলে সবচেয়ে বেশি লাভবান হবে গত চার বছর ধরে আন্তর্জাতিক ফোরামে নিয়মিত ইমরান খানের বনচটকনা খেয়ে আসা ভারত।","","stronglyPositive",0.9983882665634156,"{""neutral"":0.1779150366783142,""happy"":0.2841052711009979,""anger/disgust"":0.442374050617218,""sadness"":0.32300180196762085,""surprise"":0.04359138384461403,""fear"":0.04906180873513222}"
"ইমরান খান জিন্দাবাদ","","weaklyPositive",0.5873938083648682,"{""neutral"":0.997704803943634,""happy"":0.0011865032138302922,""anger/disgust"":0.0015675155445933342,""sadness"":0.00030192238045856357,""surprise"":0.0004398561140988022,""fear"":0.00020280606986489147}"
"ইমরান খান টিকে যাবে মনে হয়।","","weaklyPositive",0.5998151779174805,"{""neutral"":0.331699401140213,""happy"":0.7271941900253296,""anger/disgust"":0.005320629570633173,""sadness"":0.011041085235774517,""surprise"":0.009994009509682655,""fear"":0.0015531397657468915}"
"ইমরান খান টিকে যাবে।","","weaklyPositive",0.5999652862548829,"{""neutral"":0.3194650411605835,""happy"":0.8123165965080261,""anger/disgust"":0.004465112462639809,""sadness"":0.005156452301889658,""surprise"":0.004784420598298311,""fear"":0.001169872935861349}"
"ইমরান খান থাকবে কিনা তা মূল কথা নয় সমস্যা হচ্ছে যে কারণে তিনি ক্ষমতা হারাবেন ঠিক সেই কাজটা সঠিকভাবে কে করবে কিভাবে করবে তার কোনো রুপরেখা নাই তাই দিন শেষে পাকিস্তানের সাধারণ জনগনই ঠকবে✌️","","weaklyNegative",-0.5993610143661499,"{""neutral"":0.3149415850639343,""happy"":0.10950913280248642,""anger/disgust"":0.1885485053062439,""sadness"":0.508029043674469,""surprise"":0.023672014474868774,""fear"":0.07296381890773773}"
"ইমরান খান দুর্নীতি উচ্ছেদ ও সুশাসন প্রতিষ্ঠার অঙ্গীকার নিয়ে ক্ষমতায় এসেছিলেন। তিনি বলতেন, পাকিস্তানে যে কায়েমি স্বার্থ ও দুর্নীতিবাজ চক্র জনগণের রক্ত শুষে নিচ্ছে, তাদের বিরুদ্ধে তাঁর সংগ্রাম জারি থাকবে। ইমরান খান সুশাসন প্রতিষ্ঠা করতে না পারলেও তাঁর বিরুদ্ধে কেউ দুর্নীতির অভিযোগ আনতে পারেননি। ডন–এর সম্পাদকীয়তে ইমরানের কর্তৃত্ববাদী শাসনের সমালোচনা করলেও কোভিড মহামারি মোকাবিলা, বহুমুখী ইহসাস কর্মসূচি, নতুন জনস্বাস্থ্য ইনস্যুরেন্স প্রকল্পের প্রশংসা করা হয়েছে। অন্তত তাঁর সহযোগীদের কাউকে মি. টেন পার্সেন্ট কিংবা ধনকুবের খেতাব দিতে পারেনি","","weaklyNegative",-0.5471720218658447,"{""neutral"":0.04152228310704231,""happy"":0.684984564781189,""anger/disgust"":0.4253259301185608,""sadness"":0.46038293838500977,""surprise"":0.1800346076488495,""fear"":0.10543353110551834}"
"ইমরান খান দেশীয় ও আন্তর্জাতিক ষড়যন্ত্রের শিকার।","","stronglyNegative",-0.9998760223388672,"{""neutral"":0.0026440899819135666,""happy"":0.0009969661477953196,""anger/disgust"":0.03469141945242882,""sadness"":0.9765983819961548,""surprise"":0.003346087411046028,""fear"":0.013993905857205391}"
"ইমরান খাঁন পশ্চিমা দেশ গুলো কে কখনোই মোড়ল মনে করত না তাই পশ্চিমা দেশের ইন্ধনে ইমরান ক্ষমতাচ্যুত হয়েছে","","stronglyNegative",-0.9926180124282837,"{""neutral"":0.0046149068512022495,""happy"":0.002419407945126295,""anger/disgust"":0.9687674641609192,""sadness"":0.062824547290802,""surprise"":0.003932443913072348,""fear"":0.005366104654967785}"
"ইমরান খান পার্ফেক্ট ❤️","","weaklyPositive",0.5996631145477296,"{""neutral"":0.0012001123977825046,""happy"":0.9977502226829529,""anger/disgust"":0.0019920042250305414,""sadness"":0.0003668335557449609,""surprise"":0.002438727067783475,""fear"":0.00006571281846845523}"
"ইমরান খান পুতিনের চামচিকা হতে গেছিল। ও পররাষ্ট্রনীতির প ও বুঝে না।সব যায়গায় ধর্মের রাজনীতি তাই না।","","weaklyNegative",-0.5997879743576049,"{""neutral"":0.0018418403342366219,""happy"":0.002439748262986541,""anger/disgust"":0.9693825244903564,""sadness"":0.11020141839981079,""surprise"":0.003475705860182643,""fear"":0.005257776472717524}"
"ইমরান খান প্রধান থাক যদি তার দেশ ভালো চাই।","","weaklyPositive",0.5999215841293336,"{""neutral"":0.18340720236301422,""happy"":0.18522167205810547,""anger/disgust"":0.6322429776191711,""sadness"":0.060736678540706635,""surprise"":0.019413882866501808,""fear"":0.005725909490138292}"
"ইমরান খান বিহীন পাকিস্তান তথা মুসলমানদের স্বার্থ ক্ষতিগ্রস্থ হবে।","","stronglyNegative",-0.9998055934906006,"{""neutral"":0.005729603115469217,""happy"":0.0034168665297329426,""anger/disgust"":0.023453226312994957,""sadness"":0.9549130201339722,""surprise"":0.002376335905864835,""fear"":0.05201147496700287}"
"ইমরান খান বীর বীর সর্বদা বীরত্বের সাথে মানুষের মধ্যে বেঁচে থাকে♥️♥️♥️","","stronglyPositive",0.9998952627182007,"{""neutral"":0.003457584185525775,""happy"":0.9960522651672363,""anger/disgust"":0.0011463402770459652,""sadness"":0.0007974899490363896,""surprise"":0.0011438450310379267,""fear"":0.0001749175280565396}"
"ইমরান খান মির জাফর কে চিনে???","","neutral",0.1999886989593506,"{""neutral"":0.998967170715332,""happy"":0.00016311640501953661,""anger/disgust"":0.0008563325391151011,""sadness"":0.00015937168791424483,""surprise"":0.0005565748433582485,""fear"":0.0001476606703363359}"
"ইমরান খান মুসলিম লীগ উলামা হক্কানি সবাইকে চোর এবং ধর্ম ব্যবসায়ী বলেছে।। এই বিষয় টা আমাদের দেশের ধর্ম ব্যবসায়ী রা কেমন চোখে দেখছেন।।","","stronglyNegative",-0.8721187591552735,"{""neutral"":0.009675652720034122,""happy"":0.004452296532690525,""anger/disgust"":0.9470479488372803,""sadness"":0.12002798169851303,""surprise"":0.00927179679274559,""fear"":0.010300966911017895}"
"ইমরান খান যদি এযাত্রায় টিকে যায়, তাহলে পাকিস্তানের অস্তিত্বের জন্যই এই লড়াইয়ে ইমরান খানকে জিততে হবে। বারবার পাকিস্তানের গনতন্ত্রের উপর খড়গ চালানো হয়েছে। ইমরান খানের কথা আমরা কারো গোলাম নই, এই কথা পাকিস্তানের রাজনৈতিক নেতাদের বুঝতে হবে। তানাহলে পাকিস্তান রসাতলে যাবে।","","weaklyNegative",-0.5996126651763916,"{""neutral"":0.022805914282798767,""happy"":0.12769398093223572,""anger/disgust"":0.3431502878665924,""sadness"":0.6592806577682495,""surprise"":0.029593925923109055,""fear"":0.4216611683368683}"
"ইমরান খান যে রান তুলে গেছে,,পরস্পর দুই চির শত্রু শরীরফ পরিবার ও ভুট্ট পরিবার এক হয়েও সেই রান ক্রস করতে পারবেনা।তার আগেই ইমরান খানের বলে আউট হয়ে আবার ইমরান খান ইনিংসে ফিরে আসবে ইনশা আল্লাহ।","","neutral",-0.1829835653305054,"{""neutral"":0.02542784996330738,""happy"":0.2347935438156128,""anger/disgust"":0.09132538735866547,""sadness"":0.8925747871398926,""surprise"":0.07353010773658752,""fear"":0.05075080692768097}"
"ইমরান খান যৌথ জোটগতভাবে নির্বাচন করে ক্ষমতায় এসেছিলো।সেখানে সে জোটের শরিকদের যে আসন দিয়েছিলো, তারাই গাদ্দারি করেছে।তার নিজ দলের লোকেরা গাদ্দারি করেনি।আবার যদি নতুন করে নির্বাচন হয়।আমার বিশ্বাস ইমরানের দল এবার এককভাবে সরকার গঠন করতে পারবে।","","weaklyPositive",0.59966778755188,"{""neutral"":0.021207861602306366,""happy"":0.21606476604938507,""anger/disgust"":0.8598372936248779,""sadness"":0.1976863294839859,""surprise"":0.022367900237441063,""fear"":0.025277188047766685}"
"ইমরান খান সঠিক, সত্যবাদি নেতা ছিলেন পাকিস্হানের। বর্তমানে দালাল সরকার ক্ষমতায়। দুঃখ আছে পাকিস্হানিদের কপালে।","","weaklyNegative",-0.5998984098434448,"{""neutral"":0.009515018202364445,""happy"":0.05569329485297203,""anger/disgust"":0.661486804485321,""sadness"":0.5361331105232239,""surprise"":0.014321022666990757,""fear"":0.13456109166145325}"
"ইমরান খান সত্যিকারের লিডারের পরিচয় দিয়েছে","","stronglyPositive",0.9879357337951662,"{""neutral"":0.023759974166750908,""happy"":0.9693088531494141,""anger/disgust"":0.015690233558416367,""sadness"":0.002225802280008793,""surprise"":0.006732067093253136,""fear"":0.0005118239787407219}"
"ইমরান খান সাপ মেরে লেজে পরান রাখল এখন সেই সাপ ইমরান খানকেই কামড় দিল","","stronglyNegative",-0.9998681545257568,"{""neutral"":0.023863080888986588,""happy"":0.013689194805920124,""anger/disgust"":0.6246580481529236,""sadness"":0.24481606483459473,""surprise"":0.19752849638462067,""fear"":0.2363300770521164}"
"ইমরান খান সাহসী নেতা💚","","weaklyPositive",0.5995641231536866,"{""neutral"":0.03224001079797745,""happy"":0.9661076068878174,""anger/disgust"":0.009109770879149437,""sadness"":0.002275605220347643,""surprise"":0.005703137721866369,""fear"":0.0007477240287698805}"
"ইমরান খান হতে যাচ্ছে মুসলিম বিশ্বের দ্বিতীয় এরদোয়ান। আমেরিকার সব ষড়যন্ত্র বান-চাল। ইমরান খান জিন্দাবাদ।","","weaklyPositive",0.5830825567245485,"{""neutral"":0.15208695828914642,""happy"":0.6346880197525024,""anger/disgust"":0.29496774077415466,""sadness"":0.03721179440617561,""surprise"":0.03548932448029518,""fear"":0.008648171089589596}"
"ইমরান খান হারেনি, হেরেছে পাকিস্তান,। এখন ইমরান খানের জনপ্রিয়তা আরো বাড়বে।কিছু পরাজয় জয়ে চেয়েও মূল্যবান।","","weaklyPositive",0.5844973802566529,"{""neutral"":0.22556225955486298,""happy"":0.1665414422750473,""anger/disgust"":0.1857847273349762,""sadness"":0.5741950869560242,""surprise"":0.046907082200050354,""fear"":0.030620306730270386}"
"ইমরান খান,, আমি তাকে ব্যাক্তিগত ভাবে ভালোবাসি একজন ক্রিকেটার হিসেবে। এবং প্রায় দেউলিয়া ও কট্টরপন্থী একটা দেশকে এতদিন ধরে যে সে টিকিয়ে রেখেছে সেটাই অনেক বেশি।","","stronglyPositive",0.9994910001754762,"{""neutral"":0.006710766348987818,""happy"":0.9628769159317017,""anger/disgust"":0.09373591095209122,""sadness"":0.021519720554351807,""surprise"":0.08319932967424393,""fear"":0.003600406227633357}"
"ইমরান খানও মীর জাফরকে চেনে😅","","weaklyNegative",-0.595582127571106,"{""neutral"":0.0025726635940372944,""happy"":0.00040428416104987264,""anger/disgust"":0.992958664894104,""sadness"":0.007127972785383463,""surprise"":0.00417090579867363,""fear"":0.0005373248131945729}"
"ইমরান খানকে পাকিস্তানে পাঠিয়ে দেওয়া হোক","","weaklyPositive",0.44126231670379645,"{""neutral"":0.0005719210021197796,""happy"":0.00014333569561131299,""anger/disgust"":0.9991938471794128,""sadness"":0.0015648134285584092,""surprise"":0.00033196184085682034,""fear"":0.0000613220181548968}"
"ইমরান খানের উচিত ছিল বাংলাদেশ সরকার থেকে প্রশিক্ষণ নেওয়া। তাহলে নিশ্চিত ইতিহাসে পরিবর্তন আসতো।","","weaklyPositive",0.47919852733612067,"{""neutral"":0.5540072917938232,""happy"":0.04317781701683998,""anger/disgust"":0.29600685834884644,""sadness"":0.14958061277866364,""surprise"":0.018786245957016945,""fear"":0.01228805910795927}"
"ইমরান খানের উচিত ছিলো ভারতের মতো সাম্প্রদায়িক দাঙ্গা লাগিয়ে জনগনের মন জয় করে টিকে থাকা। এই জন্য অবশ্য দু একটা সাম্প্রদায়িক মুভি বানালেই হতো🤧","","weaklyNegative",-0.5996880054473877,"{""neutral"":0.0018634709995239973,""happy"":0.002661542734131217,""anger/disgust"":0.9914575219154358,""sadness"":0.01968560554087162,""surprise"":0.004199211951345205,""fear"":0.001410944852977991}"
"ইমরান খানের ক্ষমতা হারানোর মূল কারন হলো পাকিস্তানে ছাত্রলীগ নামের সংগঠন নাই!","","stronglyNegative",-0.9999220609664917,"{""neutral"":0.5956880450248718,""happy"":0.005259519908577204,""anger/disgust"":0.31313326954841614,""sadness"":0.13878707587718964,""surprise"":0.06566479802131653,""fear"":0.015016701072454453}"
"ইমরান খানের জয় চাই","","weaklyPositive",0.5962616682052613,"{""neutral"":0.05977598577737808,""happy"":0.9121595621109009,""anger/disgust"":0.0484333299100399,""sadness"":0.007286952342838049,""surprise"":0.0019353872630745173,""fear"":0.0014597434783354402}"
"ইমরান খানের নাটক সংসদ ভেঙে পূনরায় নিবাচন করা। এত হাও মাউ করে ক্ষমতা ধরে রাখাতে পারলেন না ইমরান ঁখান।","","stronglyNegative",-0.9952967405319214,"{""neutral"":0.002411340130493045,""happy"":0.001797567238099873,""anger/disgust"":0.982086181640625,""sadness"":0.05221078172326088,""surprise"":0.004433154594153166,""fear"":0.00611030263826251}"
"ইমরান খানের নিজ দলের কিছু নেতা পশ্চিমা জোটের এজেন্ট হয়ে কাজ করছেন আরপশ্চিমা জোট কখনো মুসলমানদের প্রকৃত বন্ধু হতে পারে না?","","stronglyNegative",-0.9989079713821412,"{""neutral"":0.005055576097220182,""happy"":0.0036953364033252,""anger/disgust"":0.9622904062271118,""sadness"":0.09712221473455429,""surprise"":0.008771220222115517,""fear"":0.017232276499271393}"
"ইমরান খানের পদত্যাগে কিছু কিছু মালপো বেজায় খুশি...","","weaklyNegative",-0.5729300022125243,"{""neutral"":0.05080338194966316,""happy"":0.2964774966239929,""anger/disgust"":0.7159451246261597,""sadness"":0.029293769970536232,""surprise"":0.03323093429207802,""fear"":0.003098276676610112}"
"ইমরান খানের বিরুদ্ধে বড় ধরনের কোনো দুর্নীতির অভিযোগ নেই। এর আগে যারা ক্ষমতায় ছিলেন তাঁদের বিরুদ্ধে বেশুমার দুর্নীতির অভিযোগ রয়েছে। তবে ইমরান খানের সাম্প্রতিক কিছু সিদ্ধান্ত বিশ্ব-বাস্তবতা বিবর্জিত।","","neutral",-0.1585923194885254,"{""neutral"":0.031332455575466156,""happy"":0.05067494139075279,""anger/disgust"":0.5232836604118347,""sadness"":0.7581103444099426,""surprise"":0.13601915538311005,""fear"":0.18839530646800995}"
"ইমরান খানের বিরুদ্ধে ষড়যন্ত্রের আসল খবর পেতে নিচের লিংকে ক্লিক করুন https://www.facebook.com/groups/551514039131685/permalink/1025589348390816/?app=fbl","","neutral",-0.19992274045944214,"{""neutral"":0.6415569186210632,""happy"":0.03301886469125748,""anger/disgust"":0.11586526036262512,""sadness"":0.14806044101715088,""surprise"":0.1489993780851364,""fear"":0.07384417206048965}"
"ইমরান খানের মত এমন প্রতিভাবান, সৎ রাষ্ট্র প্রধান পাওয়া সত্যি ভাগ্যের ব্যাপার, কিন্তু পাকিস্তান নিজের ভাল বুঝে না। ইমরান খানের যে যোগ্যতা তাতে করে সারা পৃথিবী নেতৃত্ব দেওয়ার ক্ষমতা তার আছে।","","weaklyPositive",0.5966636419296265,"{""neutral"":0.003479450475424528,""happy"":0.9918479919433594,""anger/disgust"":0.022331219166517258,""sadness"":0.08787861466407776,""surprise"":0.055140938609838486,""fear"":0.005430732853710651}"
"ইমরান খানের সৎসাহস আছে, বুকে জোর আছে।সংসদ ভেঙ্গে আগামী ৩ মাসের মধ্যে নতুন নির্বাচন দিয়ে নতুন ইতিহাস তৈরী করলেন ইমরান খান......অথচ আমাদের দেশে ভোটচোরগুলো জনগণের ভোট চুরি-ডাকাতি করে বছরের পর বছর অবৈধভাবে রাষ্ট্রক্ষমতা দখল করে বসে আছে।","","stronglyNegative",-0.9996727228164672,"{""neutral"":0.009114757180213928,""happy"":0.14674152433872223,""anger/disgust"":0.8938669562339783,""sadness"":0.3012934625148773,""surprise"":0.03048042207956314,""fear"":0.043229252099990845}"
"ইমরান খানের সময় শেষের পথে।","","neutral",-0.19997146129608157,"{""neutral"":0.461858868598938,""happy"":0.003659962909296155,""anger/disgust"":0.002834050450474024,""sadness"":0.7006190419197083,""surprise"":0.003267651190981269,""fear"":0.01467660628259182}"
"ইমরান গদিচ্যুত হওয়ায় পাকি রুহানি সন্তানদের জ্বালা হচ্ছে খুব...","","stronglyNegative",-0.9999150514602662,"{""neutral"":0.0018833086360245943,""happy"":0.001171449082903564,""anger/disgust"":0.9393863081932068,""sadness"":0.12842708826065063,""surprise"":0.001480994513258338,""fear"":0.0014768167166039348}"
"ইমরান তুই রাজাকার","","stronglyNegative",-0.9981123685836792,"{""neutral"":0.00021856087550986558,""happy"":0.0001725123292999342,""anger/disgust"":0.9996196031570435,""sadness"":0.0008652782416902483,""surprise"":0.0003362806746736169,""fear"":0.000013491822755895555}"
"ইমরান তো বোলার ছিল সুতরাং ব্যাটিং ভাল জানার কথা না।","","weaklyNegative",-0.5998790264129639,"{""neutral"":0.01533263735473156,""happy"":0.0006747867446392775,""anger/disgust"":0.890785276889801,""sadness"":0.15155501663684845,""surprise"":0.012106526643037796,""fear"":0.0034237955696880817}"
"ইমরান দোস্ত হার মানিও না!","","weaklyNegative",-0.5031968832015992,"{""neutral"":0.7682178020477295,""happy"":0.05964001640677452,""anger/disgust"":0.07059624046087265,""sadness"":0.15206001698970795,""surprise"":0.0504266582429409,""fear"":0.0748729482293129}"
"ইমরান ভারতের এজেন্ট।","","stronglyNegative",-0.9927921772003174,"{""neutral"":0.0007295237737707794,""happy"":0.00014396948972716928,""anger/disgust"":0.9986767172813416,""sadness"":0.0018780393293127418,""surprise"":0.0005981870926916599,""fear"":0.0001421259221388027}"
"ইমরান সাহেব আপনার থেকে আমাদের প্রধানমন্ত্রীর কাছ থেকে রাজনীতি শিক্ষা হওয়া উচিত কিভাবে ক্ষমতা কুক্ষিগত করতে হয়..","","stronglyNegative",-0.9915243625640869,"{""neutral"":0.000962757330853492,""happy"":0.0009742772672325373,""anger/disgust"":0.9949491024017334,""sadness"":0.009116888977587223,""surprise"":0.0010419848840683699,""fear"":0.0002971428621094674}"
"ইমরান, তুমিও মীরজাফর, দেশ বিক্রি করেছ চিনের কাছে। ঋণের বোঝা জনগনের উপর চাপিয়ে দিয়েছ।","","stronglyNegative",-0.9998530387878418,"{""neutral"":0.0002852262696251273,""happy"":0.00035312504041939974,""anger/disgust"":0.998543381690979,""sadness"":0.007193433586508036,""surprise"":0.0009538370650261641,""fear"":0.00032152296626009047}"
"ইমরানখান আবার আসবে!","","neutral",0.19941741228103638,"{""neutral"":0.7222293019294739,""happy"":0.21240352094173431,""anger/disgust"":0.10100877285003662,""sadness"":0.019206635653972626,""surprise"":0.028265999630093575,""fear"":0.0048258318565785885}"
"ইমরানের উইকেট খেয়ে দিল নওয়াজের মেয়ে, ইমরানের উইকেটের পতন !","","weaklyNegative",-0.5985630750656128,"{""neutral"":0.35363540053367615,""happy"":0.011757242493331432,""anger/disgust"":0.03356335684657097,""sadness"":0.2693692445755005,""surprise"":0.3696296811103821,""fear"":0.22474825382232666}"
"ইমরানের উচিৎ আমাদের প্রধানমন্ত্রীর পরামর্শ নেয়া যাতে সে আজীবন ক্ষমতায় থাকতে পারে।","","stronglyPositive",0.9366183280944825,"{""neutral"":0.19826051592826843,""happy"":0.009607173502445221,""anger/disgust"":0.8313215374946594,""sadness"":0.020497504621744156,""surprise"":0.01617906056344509,""fear"":0.002995692892000079}"
"ইমরানের খানের অভিযোগ সত্য হলে, মার্কিন ব্লক ইমরান খানকে সরিয়ে দিতে যা যা করা যায়, তার সবটাই করবে। সেটা জুডিশিয়াল কিলিং থেকে শুরু করে যে কোন টাই হতে পারে..","","stronglyNegative",-0.9989311218261718,"{""neutral"":0.021304963156580925,""happy"":0.007622314151376486,""anger/disgust"":0.6752746105194092,""sadness"":0.19191743433475494,""surprise"":0.022756891325116158,""fear"":0.37883126735687256}"
"ইমরানের পক্ষে যে লাখ জনতা রাস্তায় নেমেছে এমন কি বিদেশে ও সেই নিউজ কোন মিডিয়া করে না কেন?","","stronglyNegative",-0.9998920202255249,"{""neutral"":0.013038437813520432,""happy"":0.0015918479766696692,""anger/disgust"":0.9301112294197083,""sadness"":0.10264905542135239,""surprise"":0.03548222780227661,""fear"":0.007670104969292879}"
"ইমরানের পাটির সাংসদরা ইমরানের বিরুদ্ধে অনাস্থা নিয়েছে । ইমরানের গদি টলমল করছে 👈 এবারো ভারতীয় মুল্লাদের এবং বাংলাদেশের মুল্লিদের স্বপ্ন পূরন হলোনা পাকিস্তানের প্রধানমন্ত্রীদের ভারত সহ কাশ্মীর দখল করা 😆ইমরান খান পাকিস্তানের জনতার প্রধানমন্ত্রী নয় ।ইমরান খান পাক সেনাবাহিনীর পা-চাটা পদদলিত প্রধানমন্ত্রী ইমরান 👈 এতে ভারতীয় এবং বাংলাদেশি মুল্লামুল্লিদের গর্বের শেষ নেই । এবার বুঝে দেখুন ডবল স্ট্যান্ডার্ডদের রুচিবোধ 😆আজ পর্যন্ত পাকিস্তানের কোনো প্রধানমন্ত্রী পাঁচ বছর সরকার চালাতে পারেনি যা পৃথিবীর ভিতর বিশ্ব রেকর্ড 👈 আর এতেই বাংলাদেশি মুল্লিরা গর্ববোধ করে বিশ্বনেতা মোদিজির সাথে তুলনা করে এবার বুঝে নিন চার দেওয়ালের মাথার বুদ্ধি 😄পাক সেনাবাহিনীর পদদলিত পা-চাটা প্রধানমন্ত্রী ইমরান খান বিশ্বনেতা মোদিজির বিদেশনীতী কে প্রশংসা করে মোদিজি কে অভিবাদন জানাচ্ছে আর পাকি প্রেমী বাংলাদেশিরা ভারতীয় মুল্লারা মোদিজির বিদেশনীতী কে কটাক্ষ করছে কি বুঝলেন ।","","weaklyNegative",-0.599273419380188,"{""neutral"":0.003869718173518777,""happy"":0.017901970073580742,""anger/disgust"":0.9446253180503845,""sadness"":0.17237436771392822,""surprise"":0.02635597623884678,""fear"":0.027067236602306366}"
"ইমরানের বোকা বোকা লেকচারে আমার সোনার বাংলাদেশের কিছু লোক গর্বে গর্ভবতী হয়ে গেছিলো তারা কোথায়...☺️☺️","","stronglyNegative",-0.9910418033599854,"{""neutral"":0.00443565146997571,""happy"":0.016915665939450264,""anger/disgust"":0.9755740165710449,""sadness"":0.03573094680905342,""surprise"":0.003044112352654338,""fear"":0.0008265099604614079}"
"ইমরানের মত নেতা হয় না।আমেরিকা আপনার নেতাদেন কিনে নিয়েছে,,,,","","weaklyNegative",-0.4903299570083618,"{""neutral"":0.026588954031467438,""happy"":0.010243438184261322,""anger/disgust"":0.8462027907371521,""sadness"":0.11654435098171234,""surprise"":0.06721685081720352,""fear"":0.012548506259918213}"
"ইম্রান তাও ছিলেন মন্দের ভালো , কিন্তু ইম্রান যাবার পর যারা আসবে তাদের সময় দেশের অবস্তা আরো শোচনিয় হবে বলেই মনে হয় ।","","weaklyNegative",-0.5997665882110595,"{""neutral"":0.015989629551768303,""happy"":0.137793630361557,""anger/disgust"":0.01877133920788765,""sadness"":0.8009372353553772,""surprise"":0.00842815451323986,""fear"":0.4621187448501587}"
"ইয়র্কার খেলেছেন কাপ্তান সাহেব!এখন বুঝলাম বিশ্বকাপ কেমনে পেয়েছিল।","","weaklyNegative",-0.5949880361557007,"{""neutral"":0.2558771073818207,""happy"":0.021047990769147873,""anger/disgust"":0.026783064007759094,""sadness"":0.006200977601110935,""surprise"":0.7944332957267761,""fear"":0.003051473991945386}"
"ইসলামিক ইমুশনসম্পন্ন পাকি তরুণদের দলে আনতে ইমরান খান খুব চিন্তা করে কিছু শব্দ বাছাই করেছিলেন। ""রিয়াসাতে মদীনা"", "" খিলাফাহ"" যা আমজনতা পছন্দ করে। কিন্তু তার রিয়াসাতে মদীনার যে মডেল শো করা হয়েছে তা পিউর পূঁজিবাদী স্ক্যান্ডিনেভিয়ান দেশগুলো থেকে নেয়া। মার্কিন প্রেসক্রিপশনের লিবারেল ইসলাম কিন্তু বক্তব্যগুলো সবসময় বৈপ্লবিক। গত কয়েক বছরে মুসলিমদের বিরুদ্ধে এমন কিছু কাজ করে ফেলেছে তার সরকার যা নওয়াজ কিংবা জারদারীর মতো লোকের পক্ষে সম্ভব ছিল না। নির্বিঘ্নে আরো কিছুদিন ক্ষমতায় থাকলে পাবলিক তার বিরুদ্ধে এমনিতেই মাঠে নামতো যেহেতু মুখোশ সবার সামনে উন্মুক্ত হয়ে যেত। ঠিক এই সময়ে হালকা কিছু ক্যাঁচাল লাগিয়ে ক্লাউনটাইপ বিরোধীদলগুলোকে মাঠে নামিয়ে ইমরানের সকল পূর্বপাপ মুছে ফেলে তাকে রীতিমতো কিংবদন্তী বানিয়ে দিল। কারণ পাবলিক ইমুশন প্রচন্ড এন্টি আমেরিকান। একদম জায়গামতো এন্টি আমেরিকান শ্লোগান দিয়ে এখন ইমরান হিরো। অথচ একটা কাজও তার এন্টি আমেরিকান ছিল না। এখন বিরোধীদলগুলো দুদিন সরকারে থেকে নিজেরাই হাউকাউ করবে ভাগাভাগি নিয়ে। এদিকে পূতপবিত্র ইমরান খান (আধ্যাত্মিক শান্তির জন্য মহিলা তান্ত্রিকের কাছে যেত, পরে বিয়ে করে নিয়েছে অবশ্য। 😃😃😃) আবারো বিপুল জনসমর্থন নিয়ে ক্ষমতায় এসে নিশ্চিন্তে এন্টি আমেরিকান শ্লোগান দিয়ে আমেরিকারই সেবা করে যাবে। এটাই সাইন্স, পলিটিক্যাল সাইন্স!!!","","stronglyNegative",-0.9995167970657348,"{""neutral"":0.011313967406749725,""happy"":0.16331622004508972,""anger/disgust"":0.8146563172340393,""sadness"":0.32134416699409485,""surprise"":0.13844247162342072,""fear"":0.0746583640575409}"
"ইসলামিক দুই নেতা বর্তমানের পাকিস্তানের প্রধানমন্ত্রী ইমরান খাঁন ও তুরষ্কের প্রধানমন্ত্রী এরদোয়ান, আল্লাহ তায়ালা দুজন কে নেক হায়াত দান করুক,এবং দীর্ঘদিন এইভাবে দেশের ইসলামের উপর সঠিক নেতৃত্ব দেওয়ার তাওফিক দান করুক আমিন,ইমরান খান ক্ষমতা হারালে পাকিস্তান পশ্চিমাদের হাতের পুতুল হয়ে যাবে এটা স্পষ্ট!","","weaklyNegative",-0.5966988563537597,"{""neutral"":0.1153554692864418,""happy"":0.8162203431129456,""anger/disgust"":0.049448125064373016,""sadness"":0.24556197226047516,""surprise"":0.027901461347937584,""fear"":0.10740940272808075}"
"ইসলামের পক্ষে যে কাজ করবে সে যদি পৃথিবীর নিকৃষ্ট দেশের হয় তবু তাকে স্বাগতম। ইসলামের পক্ষে বলিষ্ঠ কণ্ঠস্বর ইমরান খান।","","stronglyPositive",0.9990806818008424,"{""neutral"":0.06381393224000931,""happy"":0.9344381093978882,""anger/disgust"":0.02035774290561676,""sadness"":0.008379684761166573,""surprise"":0.036363814026117325,""fear"":0.002463442739099264}"
"ইসসস ৫ বছর থাকতে পারলো না।","","weaklyNegative",-0.5908682823181153,"{""neutral"":0.001144092413596809,""happy"":0.0015030496288090944,""anger/disgust"":0.0021748326253145933,""sadness"":0.9943431615829468,""surprise"":0.0009873323142528534,""fear"":0.0015826900489628315}"
"ইহা একটি সাও*****র দেশ।","","neutral",-0.19961116313934327,"{""neutral"":0.9595853686332703,""happy"":0.002445594873279333,""anger/disgust"":0.034984324127435684,""sadness"":0.007932941429316998,""surprise"":0.02014460414648056,""fear"":0.0017741505289450288}"
"ইহুদি,নাসা কাপের দের ষড়যন্ত্রে সুলতান সুলেমান সহীহ্ ইসলামের প্রচারক দেশরত্ন দেশের গর্ব ইমরান খান কে তাদের দেশ ভালোবাসলনা,তার যথাযথ মর্যাদা দিতে পারল না তারা বুঝল না, যা বাংলাদেশ সহ সকল দেশ বুঝলো, হাইরে হতভাগ্য পাকিস্তান, বলদ পাকিস্তান, গাধা পাকিস্তান, ভারতের দালালদের কাছে বারবার হারমেনে নেই এই পাকিস্তান।","","stronglyNegative",-0.999746298789978,"{""neutral"":0.0029325638897717,""happy"":0.008151767775416374,""anger/disgust"":0.9505429267883301,""sadness"":0.18212071061134338,""surprise"":0.008938630111515522,""fear"":0.015675747767090797}"
"ঈদ মোবারক রুহানি সন্তানরা","","stronglyPositive",0.9353760957717896,"{""neutral"":0.00327878980897367,""happy"":0.9963794350624084,""anger/disgust"":0.00044506098493002355,""sadness"":0.0008764220983721316,""surprise"":0.0003883733006659895,""fear"":0.00009692565799923614}"
"ঈদ মোবারক।","","neutral",0.19745267629623414,"{""neutral"":0.057647887617349625,""happy"":0.973773717880249,""anger/disgust"":0.00047396885929629207,""sadness"":0.0007914380403235555,""surprise"":0.000993918045423925,""fear"":0.0002084738080156967}"
"উনার উচিত ছিল আমাদের প্রধানমন্ত্রী এর কাছ থেকে শিখে যাওয়া যে ক্ষমতায় কিভাবে টিকে থাকতে হয়।","","weaklyNegative",-0.44400994777679437,"{""neutral"":0.010168837383389473,""happy"":0.0018574506975710392,""anger/disgust"":0.9326727390289307,""sadness"":0.0843563973903656,""surprise"":0.005093580111861229,""fear"":0.0023726625367999077}"
"উনি ঘুরে দাড়াবেন ইন-শা-আল্লাহ। আজ দুনিয়াজুড়ে মুসলিমদের সেন্টিমেন্ট ও ন্যারেটিভকে রিপ্রেজেন্ট করার মত হাতে গুনা মাত্র এক-দুইজন নেতাই রয়েছেন। উনি তাদের মধ্যে উন্নতম। আল্লাহ উনার সহায় হবেন ইন-শা-আল্লাহ।","","stronglyPositive",0.9991698265075685,"{""neutral"":0.01115654781460762,""happy"":0.9920656085014343,""anger/disgust"":0.005931684747338295,""sadness"":0.012817122973501682,""surprise"":0.007832060568034649,""fear"":0.0038743067998439074}"
"উনি প্লে-ডাউন হয়ে আউট হয়েছেন ! 😜","","weaklyNegative",-0.5997971534729003,"{""neutral"":0.8809830546379089,""happy"":0.0009572096168994904,""anger/disgust"":0.0015079345321282744,""sadness"":0.2234330028295517,""surprise"":0.004084547515958548,""fear"":0.0026533068157732487}"
"উনি বোধহয় আমাদের ইনাকে ফলো করে সফলভাবে ভোটে জিতে দীর্ঘদিন ক্ষমতায় থাকতে চান।","","stronglyPositive",0.9925931692123414,"{""neutral"":0.035272516310214996,""happy"":0.0036340076476335526,""anger/disgust"":0.7095876932144165,""sadness"":0.03790850192308426,""surprise"":0.35447463393211365,""fear"":0.02053610235452652}"
"উভয়ে মধ্য রাতের সরকার","","neutral",-0.19962093830108643,"{""neutral"":0.014958225190639496,""happy"":0.003064363496378064,""anger/disgust"":0.9368690848350525,""sadness"":0.04656524211168289,""surprise"":0.022265398874878883,""fear"":0.04149749502539635}"
"এ জন্য মুসলীম লীগ থেকে আওয়ামী লীগ সৃষ্ট হয়েছিল।","","neutral",-0.19997189044952393,"{""neutral"":0.8825138211250305,""happy"":0.014793592505156994,""anger/disgust"":0.06822337955236435,""sadness"":0.011007480323314667,""surprise"":0.05924629420042038,""fear"":0.0020399729255586863}"
"এ হালা চাপাবাজ","","stronglyNegative",-0.9999177694320679,"{""neutral"":0.00019273882207926363,""happy"":0.00022482671192847192,""anger/disgust"":0.9994644522666931,""sadness"":0.0013772904640063643,""surprise"":0.00023119873367249966,""fear"":0.000011461201211204752}"
"এই আরেক পরিবার (নওয়াজ)ঠিক শ্রীলঙ্কার রাজাপাকস এর মত। পাকিস্তানের সব লুটপাট করে রাষ্ট্রকে দেউলিয়া বানিয়েছে। এখনও ষোল কলা পূর্ন হয় নাই।","","weaklyNegative",-0.5998047351837158,"{""neutral"":0.0008910320466384292,""happy"":0.000925373868085444,""anger/disgust"":0.9868844747543335,""sadness"":0.0817725658416748,""surprise"":0.00463258009403944,""fear"":0.00391640467569232}"
"এই কথা বলিয়েন না তাহলে বাংলাদেশের পাকিস্তানের নাজায়েজ বাচ্চা গুলো খুব খেপে যাবে","","stronglyNegative",-0.9998975992202759,"{""neutral"":0.0003038643626496196,""happy"":0.00027033427613787353,""anger/disgust"":0.9985793828964233,""sadness"":0.005618118215352297,""surprise"":0.0004630794283002615,""fear"":0.00019328060443513095}"
"এই ঘটনাই প্রমান করে ওনি কতটা সৎ ছিলেন,,","","stronglyPositive",0.9999069452285767,"{""neutral"":0.003080688649788499,""happy"":0.9915197491645813,""anger/disgust"":0.0033825307618826628,""sadness"":0.00032195178209804,""surprise"":0.004232843406498432,""fear"":0.0000332206254824996}"
"এই চোর এক মাসের বেশি ক্ষমতায় থাকতে পারবে না।😁","","stronglyNegative",-0.9995520830154419,"{""neutral"":0.0184398852288723,""happy"":0.003984447568655014,""anger/disgust"":0.7944786548614502,""sadness"":0.2487175166606903,""surprise"":0.003612254513427615,""fear"":0.008775437250733376}"
"এই ছেলে পাকিস্তানের ১ম স্থানের খারাপ লোক, এর মাকে মানুষে মারছে গুলি করে, বাপে একটা সয়তান চোর, নানায় ছিলো চোর, পাকিস্তানের একজন মানুষ অন্যজন মানুষকে সহ্য করতে পারে না। পারবে কেমনে, কেউ ভালো না। আমাদের ভাগ্য ভালো, আগেই আমরা কেটে আসছি। আল হামদুলিল্লাহ।","","stronglyNegative",-0.9997876882553101,"{""neutral"":0.006583098322153091,""happy"":0.19589821994304657,""anger/disgust"":0.9181543588638306,""sadness"":0.14825764298439026,""surprise"":0.01398379635065794,""fear"":0.020022351294755936}"
"এই পাকিস্তান কোনো দিন ভালো হবেনা। ইমরান খানের মতো একজন মানুষ পাওয়া বড় কঠিন। এখানে একটা জিনিস বোজাজায় দূর্নীতি বাজরা দূর্নীতি করতে পারেনা তাই ইমরান খান কে বাদদিয়ে দেয়। সুদু খতি হবে সাধারণ মানুষের","","weaklyNegative",-0.5991487503051758,"{""neutral"":0.01004863902926445,""happy"":0.19900557398796082,""anger/disgust"":0.556406557559967,""sadness"":0.7269250750541687,""surprise"":0.019939012825489044,""fear"":0.07314904034137726}"
"এই পাকিস্তানি সরকার আমাদের দেশের সরকারকে রাজাকার বানাইতে চায়, এটা আমরা মানি না,,🤔🤔🤔","","stronglyNegative",-0.9999067544937134,"{""neutral"":0.0037663441617041826,""happy"":0.0013623707927763462,""anger/disgust"":0.9803446531295776,""sadness"":0.02880064584314823,""surprise"":0.0025517011526972055,""fear"":0.0027833404019474983}"
"এই বাচ্চা কমেডিয়ানটা।","","stronglyNegative",-0.9997944831848145,"{""neutral"":0.7179625630378723,""happy"":0.15312069654464722,""anger/disgust"":0.022727878764271736,""sadness"":0.028636854141950607,""surprise"":0.10227636247873306,""fear"":0.010908226482570171}"
"এই বিলাওয়াল ভুট্টো আগের পররাষ্ট্রমন্ত্রী(২০১১-২০১৩)হিনা রব্বানী খার এর সাথে পরকিয়া প্রেম করতো এরকম নিউজ তো দেখেছি।তাহলে খারাপ হবে না অভিজ্ঞতা আছে।","","weaklyNegative",-0.5995324850082397,"{""neutral"":0.08819901943206787,""happy"":0.046029284596443176,""anger/disgust"":0.5759276747703552,""sadness"":0.33524614572525024,""surprise"":0.10450393706560135,""fear"":0.2096845805644989}"
"এই শালা পশ্চিমা দালালদের কারণে পাকিদের এই অবস্থা।","","stronglyNegative",-0.9999245882034302,"{""neutral"":0.00028664220008067787,""happy"":0.00026946014259010553,""anger/disgust"":0.9985929131507874,""sadness"":0.004778201226145029,""surprise"":0.0005098519613966346,""fear"":0.00008203180914279073}"
"এই শুয়োর টা ঠিক মতো উর্দু ও বলতে পারে না...?","","stronglyNegative",-0.9997998237609863,"{""neutral"":0.00013127241982147098,""happy"":0.00008179864380508661,""anger/disgust"":0.9996205568313599,""sadness"":0.0006911366363056004,""surprise"":0.0025333573576062918,""fear"":0.00002095803756674286}"
"এই ষড়যন্তের মূল নায়ক ভারত ও আমেরিকা ,,,আর কিছু দুর্নীতিবাজ বিরোধী নেতা যাদের টাকা দিয়ে কিনে ,ইমরান সরকারের বিরুদ্ধে অনাস্থা দিয়েছে ۔۔۔۔পশ্চিমা ও আমেরিকাদের বিরুদ্ধে গেলে ইমরান খানের মতো অবস্থা হবে মুসলিম শাসকদের ,,,এখন বুঝতে হবে ইমরান খান সঠিক পথেই ছিল ۔۔۔সে দেশ প্রেমিক","","weaklyPositive",0.5999379634857178,"{""neutral"":0.019808782264590263,""happy"":0.0838007777929306,""anger/disgust"":0.8673574924468994,""sadness"":0.2624252438545227,""surprise"":0.03314807638525963,""fear"":0.09340820461511612}"
"এই সব মীর জাফর দের আল্লাহ শাস্তি দেবে","","stronglyNegative",-0.9993324041366577,"{""neutral"":0.0067266481928527355,""happy"":0.019814977422356606,""anger/disgust"":0.9276759624481201,""sadness"":0.07192463427782059,""surprise"":0.0023421114310622215,""fear"":0.00667695002630353}"
"এই সমস্ত আবোল তাবোল কথা বলে লাভ নাই তুই হালা ইমরান তোর চেহারা দেখলেই মনে হয় তুই একটা জঙ্গি তাই রাজনীতি করার দিন তোর শেষ হয়ে গেছে এখন তালেবানের সঙ্গে গিয়ে যোগ দে।","","stronglyNegative",-0.9999341011047364,"{""neutral"":0.0001281626900890842,""happy"":0.0003169169358443469,""anger/disgust"":0.9992895126342773,""sadness"":0.008741644211113453,""surprise"":0.00034760998096317053,""fear"":0.00012191390851512551}"
"এই সরকার ও বেশিদিন টিকবেনাহ। চীন রাশিয়া কখনোই চাইবেনাহ পাকিস্তান সরকার আমেরিকার বলয়ে থাকুক 😅","","weaklyNegative",-0.4814827680587768,"{""neutral"":0.030707143247127533,""happy"":0.005845012608915567,""anger/disgust"":0.793343722820282,""sadness"":0.3028423488140106,""surprise"":0.007972897961735725,""fear"":0.027121160179376602}"
"এই সাপ টাও বেশি নড়াচড়া করতাছে 🐸","","neutral",-0.11882927417755128,"{""neutral"":0.13979583978652954,""happy"":0.008746830746531487,""anger/disgust"":0.1785280406475067,""sadness"":0.09791293740272522,""surprise"":0.33182492852211,""fear"":0.4131653606891632}"
"এইটা আজকে বুঝলেন নাকি,","","weaklyNegative",-0.5791187047958374,"{""neutral"":0.21715667843818665,""happy"":0.0019732369109988213,""anger/disgust"":0.7529422044754028,""sadness"":0.013709824532270432,""surprise"":0.11517264693975449,""fear"":0.0011112975189462304}"
"এইটাও বেশিদিন টিকবে না 😁","","weaklyNegative",-0.5995984315872191,"{""neutral"":0.0025030607357621193,""happy"":0.002581882756203413,""anger/disgust"":0.0094229057431221,""sadness"":0.9902290105819702,""surprise"":0.001914581866003573,""fear"":0.007481993641704321}"
"এক গোয়ালের গরু","","weaklyNegative",-0.5915923833847045,"{""neutral"":0.2566305696964264,""happy"":0.010891606099903584,""anger/disgust"":0.1335446685552597,""sadness"":0.05724532902240753,""surprise"":0.5991184115409851,""fear"":0.0234625656157732}"
"এক পাঠান সর্দারকে ইংরেজরা ঐশ্বর্যের লোভ দখিয়ে বশ্যতা স্বীকার করতে বলেছিল। উত্তরে পাঠান সর্দার বলেছিল ""তোমাদের দেওয়া ঐশ্বর্য পূর্ন গোলামীর জিবনের চেয়ে আমার স্বাধীন বিপদসংকুল জীবনই স্রেয়""! এই হলো ইমরান খান।","","neutral",0.18774524927139283,"{""neutral"":0.10330351442098618,""happy"":0.12876911461353302,""anger/disgust"":0.4019492566585541,""sadness"":0.512627899646759,""surprise"":0.10164827853441238,""fear"":0.2558772563934326}"
"এক বন্ড মাওলানা র( ফজলুর রহমান) প্রতারণা য় ইমরান খানের পতন নিশ্চিত হইছেমুসলমান দের আটশত বছরের শাসনের পতন ও মাওলানা গুলার ফতোয়া আর বেইমানি র কারনে বন্ড মাওলানা ফজলুর রহমান ইমরান খানকে সরাসরি ইহুদী Agent বলে ফতোয়া দিছে। গত কয়েক দিনের পাকিস্তান নিউজ channel গুলাতে এটা ফলাও করে প্রচার ও করছে। হাস্যকর!","","stronglyNegative",-0.9996355056762696,"{""neutral"":0.007381192408502102,""happy"":0.010697668418288231,""anger/disgust"":0.8978546261787415,""sadness"":0.22973982989788055,""surprise"":0.04926127940416336,""fear"":0.07988936454057693}"
"এক সফল ও গৌরবময় অধ্যায়ের শেষ... পশ্চিমা বিশ্বের রক্তচক্ষুকে উপেক্ষা করে ইসলাম তথা মুসলিম বিশ্বকে স্বমহিমায় নেতৃত্বদানকারী ইমরান খানকে ...সময় ও ইতিহাস পাতায় ও সমস্ত মুসলমানদের হৃদয়ের থেকে যাবে আজীবন.","","stronglyPositive",0.9999285459518434,"{""neutral"":0.005614424590021372,""happy"":0.9918797612190247,""anger/disgust"":0.007045871112495661,""sadness"":0.011847922578454018,""surprise"":0.06976552307605743,""fear"":0.003353007137775421}"
"একই ঘাটের মাঝি","","neutral",-0.1999750852584839,"{""neutral"":0.9832178354263306,""happy"":0.003648837562650442,""anger/disgust"":0.0051378412172198296,""sadness"":0.0004219025431666523,""surprise"":0.0072735813446342945,""fear"":0.00024264221428893507}"
"একজন ভদ্র ক্রিকেটার কাপুরুষ প্রধানমন্ত্রী কে হারালো পাকিস্তানের জনগণ 😬","","stronglyNegative",-0.9998255014419556,"{""neutral"":0.021838178858160973,""happy"":0.02624952234327793,""anger/disgust"":0.7939316034317017,""sadness"":0.28833380341529846,""surprise"":0.03841306269168854,""fear"":0.0229230597615242}"
"একজন মুসলিম শাসকের পররাষ্ট্রনীতি যেভাবে হওয়ার দরকার ছিল ইমরান খান তাহাই করছে ইমরান খান একজন ধর্মভীরু মানুষ আল্লাহ তাকে হেফাজত করবে","","weaklyPositive",0.5825387001037599,"{""neutral"":0.11420319229364395,""happy"":0.5318053960800171,""anger/disgust"":0.4527468681335449,""sadness"":0.15007859468460083,""surprise"":0.023422207683324814,""fear"":0.04395837336778641}"
"একজন সিকৃত চোর বাচার জন্য একজন ভাল মানুষকে চোরের তাকমা দিতেই পারে","","stronglyNegative",-0.9994549512863159,"{""neutral"":0.01113093737512827,""happy"":0.005508934147655964,""anger/disgust"":0.8684127926826477,""sadness"":0.13324664533138275,""surprise"":0.01955847255885601,""fear"":0.045671090483665466}"
"একটা নির্দিষ্ট দাম দিয়ে উনি এগুলো ক্রয় করে নিয়েছেন তোষাখানা থেকে। এটি আইন অনুসারে বৈধ।","","weaklyPositive",0.5805855989456178,"{""neutral"":0.6712390780448914,""happy"":0.13301533460617065,""anger/disgust"":0.08741944283246994,""sadness"":0.014635654166340828,""surprise"":0.05050578713417053,""fear"":0.0025376928970217705}"
"পাকিস্তান আর্মির বলে ইমরান আউট হইছে এবং পাকিস্হানে একভাবেই সবাই আউট হয়।আর বাইরের ইন্ধন তো কিছু আছেই!","","weaklyNegative",-0.5995851516723633,"{""neutral"":0.1429554969072342,""happy"":0.007732446305453777,""anger/disgust"":0.44609349966049194,""sadness"":0.37426939606666565,""surprise"":0.1297110915184021,""fear"":0.2056187391281128}"
"পাকিস্তান ইমরানের মতো কোন নেতা পায় নি,আর ফিউচারেও পাবে না!!😭","","stronglyNegative",-0.9960181474685669,"{""neutral"":0.0037870225496590137,""happy"":0.0018967044306918979,""anger/disgust"":0.05333516746759415,""sadness"":0.9679190516471863,""surprise"":0.002453472465276718,""fear"":0.0038682883605360985}"
"পাকিস্তান এ কোনো pm ফুলটাইম শাসন করতে পারে নি।","","stronglyNegative",-0.999291968345642,"{""neutral"":0.00778259476646781,""happy"":0.004131132271140814,""anger/disgust"":0.5054742693901062,""sadness"":0.6474730968475342,""surprise"":0.009380490519106388,""fear"":0.0030638216994702816}"
"পাকিস্তান এ তো কেউ ক্ষমতা পূর্ণ করতে পারেনা। এবার হাসিনার থেকে ক্ষমতায় থাকার মন্ত্র শিখতে এসছে।","","weaklyNegative",-0.576414155960083,"{""neutral"":0.003523813793435693,""happy"":0.002096181968227029,""anger/disgust"":0.9697326421737671,""sadness"":0.05230320617556572,""surprise"":0.01414805743843317,""fear"":0.007492751814424992}"
"পাকিস্তান এবং প্রথম আলো একে অপরের পরিপূরক….. ফাকিদের কিছু হলে প্রথম আলোর কষ্ট স্পষ্ট বুঝা যায়🤪😜🤪😜","","weaklyPositive",0.5436843872070314,"{""neutral"":0.013342474587261677,""happy"":0.009287355467677116,""anger/disgust"":0.7581033110618591,""sadness"":0.37310588359832764,""surprise"":0.0045622726902365685,""fear"":0.009008808061480522}"
"পাকিস্তান এমন একটা দেশ তারা ভালোমানুষের মৃল্যায়ন করেনা তারা বেশির ভাগই রাজাকার","","stronglyNegative",-0.9999056577682495,"{""neutral"":0.0007222941494546831,""happy"":0.000654031231533736,""anger/disgust"":0.9857102632522583,""sadness"":0.10120338201522827,""surprise"":0.0015821281122043729,""fear"":0.002352638402953744}"
"পাকিস্তান এর লোক জন কনো দিন ইমরান খান এর মতো প্রধানমন্ত্রী পেয়েছে। অার কনো দিন পাবে বলে মনে হয় না।ইমরান খান হলো এশিয়া মহাদেশের বাগ।","","weaklyNegative",-0.5901980400085449,"{""neutral"":0.03404262661933899,""happy"":0.10874521732330322,""anger/disgust"":0.6214311122894287,""sadness"":0.46187496185302734,""surprise"":0.06718113273382187,""fear"":0.08219961076974869}"
"পাকিস্তান কি সিরিয়া, লিবিয়া দেখে শিক্ষা নেয় নি,,,দেখা যাক সামনে কি হয়,,,,","","weaklyNegative",-0.5997294425964355,"{""neutral"":0.04078960791230202,""happy"":0.00414684833958745,""anger/disgust"":0.8551425337791443,""sadness"":0.14189305901527405,""surprise"":0.019079025834798813,""fear"":0.03256737440824509}"
"পাকিস্তান গোল্লায় যাক, নিজের দেশ নিয়ে ভাবেন।","","stronglyNegative",-0.9307364463806153,"{""neutral"":0.00019027883536182344,""happy"":0.0004128215368837118,""anger/disgust"":0.9987916350364685,""sadness"":0.008081149309873581,""surprise"":0.0005033746710978448,""fear"":0.00008637402788735926}"
"পাকিস্তান জাতি জাতিগত ভাবেগাদ্দার জাতি।","","stronglyNegative",-0.9997589111328125,"{""neutral"":0.0002942459541372955,""happy"":0.00030277532641775906,""anger/disgust"":0.9989491105079651,""sadness"":0.003922815900295973,""surprise"":0.0002642381004989147,""fear"":0.0000884017426869832}"
"পাকিস্তান তোমরা প্রত্যেকেই মীর জাফর","","stronglyNegative",-0.9998499870300293,"{""neutral"":0.00015241651271935552,""happy"":0.00015329409507103264,""anger/disgust"":0.9997846484184265,""sadness"":0.0013999941293150187,""surprise"":0.0003124063659925014,""fear"":0.000016631471225991845}"
"পাকিস্তান পার্লামেন্ট প্রমাণ করলো ভালো মানুষের স্থান নেই পাকিস্তান পার্লামেন্টে পাকিস্তানের ইতিহাসের বেস্ট প্রধানমন্ত্রী ইমরান খান","","stronglyPositive",0.9973967313766481,"{""neutral"":0.09058551490306854,""happy"":0.23358787596225739,""anger/disgust"":0.6889481544494629,""sadness"":0.1344142109155655,""surprise"":0.014858154579997063,""fear"":0.008811954408884048}"
"পাকিস্তান পুরাটাই অভিশপ্ত এবং মীরজাফরে ভর্তি","","stronglyNegative",-0.9999353408813476,"{""neutral"":0.0001895622699521482,""happy"":0.0001663763541728258,""anger/disgust"":0.9995716214179993,""sadness"":0.003481382504105568,""surprise"":0.0003623391967266798,""fear"":0.0000686573184793815}"
"পাকিস্তান বাসীর তো মীর জাফরের ইতিহাস জানার কথা নয়..!","","weaklyNegative",-0.5994755506515503,"{""neutral"":0.0643470361828804,""happy"":0.0015834271907806396,""anger/disgust"":0.8872919678688049,""sadness"":0.047206778079271317,""surprise"":0.03166962042450905,""fear"":0.004406130872666836}"
"পাকিস্তান ভালো কিছু ডিজার্ভ করে না","","weaklyNegative",-0.5990604162216187,"{""neutral"":0.00022479586186818779,""happy"":0.0001954367762664333,""anger/disgust"":0.9975144863128662,""sadness"":0.01834089867770672,""surprise"":0.00012084572517778724,""fear"":0.00008981249993667006}"
"পাকিস্তান যুদ্ধে পরাজয় হয়েছে আর যুদ্ধে আমেরিকা জয় হয়েছে। মুসলিম বিশ্ব একজন নেতা হারালো।","","weaklyNegative",-0.5851468086242675,"{""neutral"":0.002288730815052986,""happy"":0.014311917126178741,""anger/disgust"":0.018066726624965668,""sadness"":0.9847478270530701,""surprise"":0.0053530544973909855,""fear"":0.004424211103469133}"
"পাকিস্তান রাস্ট্র ই ত মীরজাফর","","stronglyNegative",-0.9998551845550537,"{""neutral"":0.00020528210734482855,""happy"":0.00011785613605752587,""anger/disgust"":0.9996091723442078,""sadness"":0.0017724876524880528,""surprise"":0.0002929415786638856,""fear"":0.000025306184397777542}"
"পাকিস্তান শুধু ইমরান নয় ইসলামি বিশ্বে এক নেতাকে হারাবে","","stronglyNegative",-0.9994314193725586,"{""neutral"":0.050451841205358505,""happy"":0.15204444527626038,""anger/disgust"":0.1643809676170349,""sadness"":0.6294130682945251,""surprise"":0.14707371592521667,""fear"":0.03700451925396919}"
"পাকিস্তান সংসদসদস্যরা ভুল করলেও মুসলিম বিশ্ব মনে রাখবে ইমরানের লীডারসীপ","","stronglyPositive",0.9310569047927857,"{""neutral"":0.20845864713191986,""happy"":0.4860946834087372,""anger/disgust"":0.23027177155017853,""sadness"":0.10965579003095627,""surprise"":0.01876409538090229,""fear"":0.006762434728443623}"
"পা‌কিস্তান হ‌বে শ্রীলঙ্কা।","","neutral",-0.1999842405319214,"{""neutral"":0.9989270567893982,""happy"":0.00019470580446068197,""anger/disgust"":0.000961675017606467,""sadness"":0.0002538442495279014,""surprise"":0.000801693880930543,""fear"":0.00019722657452803105}"
"পাকিস্তানকে কিছু বিষয়ে অবশ্যই বাংলাদেশ থেকে শিক্ষা গ্রহণ করা উচিৎ!!!বিশেষ করে,,,প্রধান বিচারপতিকে কিভাবে দৌড়াতে (দেশ ছাড়া) করতে হয় এই ফর্মুলাটা যদি শেখ হাসিনার কাছ থেকে ইমরান খান জেনে নিত তবে হয়তবা আজকে তার সরকারের পতন হতো না।","","weaklyNegative",-0.5996110439300537,"{""neutral"":0.10018506646156311,""happy"":0.027217721566557884,""anger/disgust"":0.6780112385749817,""sadness"":0.3693816661834717,""surprise"":0.04009738564491272,""fear"":0.06893034279346466}"
"পাকিস্তানকে ক্রিকেটের বল মনে করে ব্যাট দিয়ে দেশটাকে গাড্ডায় ফেলতে চেয়েছিল। আধুনিক সভ্যতায় ধর্মকে ঢাল বানিয়ে নিজেকে প্রতিষ্ঠিত করে জনপ্রিয়তা অর্জন করা এখন আর মোটেই সম্ভব নয়। সারা বিশ্বের নজর এখন অসাম্প্রদায়িকতার প্রতি। তাই তার এই তাৎক্ষণিক জনপ্রিয়তা কিছু মূর্খ অজ্ঞ বুদ্ধি প্রতিবন্ধীদের মাঝে কিছুদিনের জন্য টিকে থাকলেও ভুলে গেলে চলবে না রাজনীতির চেয়েও ধর্মে স্বার্থের খেলা, নোংরামি এবং দলাদলি বেশি।","","stronglyNegative",-0.9994531869888306,"{""neutral"":0.006131771486252546,""happy"":0.03115183115005493,""anger/disgust"":0.8481016159057617,""sadness"":0.36698225140571594,""surprise"":0.027274934574961662,""fear"":0.16037821769714355}"
"পাকিস্তানি দের চরিত্র ভালোনা বেশি কাছে যাওয়ার দরকার নাই 🤔🤭🤫😛😜🤪🤣","","weaklyNegative",-0.5963693380355835,"{""neutral"":0.0011488315649330616,""happy"":0.00030779559165239334,""anger/disgust"":0.9948951601982117,""sadness"":0.013274249620735645,""surprise"":0.0008377777994610369,""fear"":0.000495179439894855}"
"পাকিস্তানিদের দেশপ্রেম থাকলে ইমরান খানের সমস্যা হবে না।","","weaklyPositive",0.5999656677246095,"{""neutral"":0.001907851779833436,""happy"":0.002210654318332672,""anger/disgust"":0.9950236082077026,""sadness"":0.004737477749586105,""surprise"":0.0031707200687378645,""fear"":0.0002771544095594436}"
"পাকিস্তানিরা যে যত কথাই বলুক না কেন কোন কথাই গ্রহনযোগ্য নহে বলে মনে করি কারণ বাংলাদেশের স্বাধীনতা যুদ্ধের সময় তারা এ দেশে যে নারকীয়তা ঘটিয়েছে তার জন্য অদ্যাবদী তারা ক্ষমা চায়নি ও তাদের যে শাসক এবং লোকজন এ দেশে '৭১ সনে যে যুদ্ধাপরাধ করেছে তাদেরকে বিচারের আওতায় এনে যথাযথ শাস্তির ব্যবস্হা করেনি।","","stronglyNegative",-0.9998519897460938,"{""neutral"":0.0053002857603132725,""happy"":0.012950866483151913,""anger/disgust"":0.8309353590011597,""sadness"":0.4461369514465332,""surprise"":0.02447999082505703,""fear"":0.1280646175146103}"
"পাকিস্তানীরা বোকা তো তাই।আমাদের সরকারের মতো চলাক হলে এভাবে ক্ষমতা হারাতে হতো না।","","weaklyNegative",-0.5996694803237914,"{""neutral"":0.012400031089782715,""happy"":0.0028402344323694706,""anger/disgust"":0.24893663823604584,""sadness"":0.8893715739250183,""surprise"":0.005732833873480558,""fear"":0.006103798747062683}"
"পাকিস্তানে ইমরান খাঁন হচ্ছে ২১ তম প্রধান মন্ত্রী আর ব্যাক্তি হিসাবে ১৭ তম প্রধান মন্ত্রী , আর পাকিস্তানে কিছূ চরমোনাই মার্কা দল আছে তাদের কে নিয়ে বৃধীদল আন্দোলন করছে, এরা যে কবে মানুষ হবে বুঝে আসে না।ইমরান খাঁন মুসলিম বিশ্বের গৌরাব যা জাঁতি সংঘের বয়সে এ রকম কোন ব্যাক্তি ভাষন দিয়াছে বলে ইতিহাঁসে পাওয়া যায় না।একটা ইতিহাঁস পাওয়া যায় সেটা হচ্ছে সৌদিআরবের বাদশা ফয়সাল সে সংবিধান হিসাবে নিয়ে গিয়াছিল কুরআন মাজিদ।পশ্চিমরা যে কোন কৌশালে মুসলিম বিশ্বের নেতাদের কে দমে রাখে কিছূ মুসলমান মার্কা লোক আছে, মির্জাফরের বংশো ধর সেই লোক গুলোই ভাল নেতাদের কে নিশ্বেষ করে দেয়।হেঁ আল্লাহ তুমি তোমার রহমত দিয়ে ইমরান খাঁন কে হেফাজত কর।আমিন","","weaklyNegative",-0.5986750841140747,"{""neutral"":0.01160010602325201,""happy"":0.06301617622375488,""anger/disgust"":0.7714158892631531,""sadness"":0.45108118653297424,""surprise"":0.04444057121872902,""fear"":0.1455688178539276}"
"পাকিস্তানে এখন যারা সরকার গঠন করছে এদের সবার পূর্বের ইতিহাস রাষ্ট্রীয় চোর।।কেউ কুয়েতে পলাতক ছিলেন।। একজন ১০% কমিশন খেতেন প্রোজেক্ট থেকে, একজন মাওলানা সে সরকারী দল হিসেবে পরিচিত।। সব চোরের দল এখন একসাথে 😜","","stronglyNegative",-0.995849871635437,"{""neutral"":0.0033131372183561325,""happy"":0.004465790931135416,""anger/disgust"":0.9759196639060974,""sadness"":0.08473300188779831,""surprise"":0.007882775738835335,""fear"":0.011556548066437244}"
"পাকিস্তানে কি কোন এতিম খানা টানা নাই? থাকলে একটা বুদ্ধি দিতাম।","","weaklyNegative",-0.5989032745361328,"{""neutral"":0.6215879321098328,""happy"":0.018578793853521347,""anger/disgust"":0.14627839624881744,""sadness"":0.19715869426727295,""surprise"":0.04089273512363434,""fear"":0.042322009801864624}"
"পাকিস্তানে সেনাবাহিনীর সমথন ছাড়া কেউ ক্ষমতায় থাকতে পারবে না এটাই অলিখিত নিয়ম","","stronglyNegative",-0.9998733043670655,"{""neutral"":0.17071710526943207,""happy"":0.0036072602961212397,""anger/disgust"":0.41738569736480713,""sadness"":0.5000408291816711,""surprise"":0.042466334998607635,""fear"":0.015150047838687897}"
"পাকিস্তানের ইতিহাস কচু পাতার পানি টলমল টলমল করে।","","stronglyNegative",-0.9970074653625488,"{""neutral"":0.01714307814836502,""happy"":0.004548211582005024,""anger/disgust"":0.11495786905288696,""sadness"":0.8416813611984253,""surprise"":0.017820265144109726,""fear"":0.005248397588729858}"
"পাকিস্তানের ইতিহাসে একজন দুর্নীতিমুক্ত নেতা। ভালো মানুষের অবমূল্যায়ন এভাবেই হয়! দুর্নীতিমুক্ত একজন নেতার বিরুদ্ধে সব চোরেরা একজোট হয়েছে!","","stronglyNegative",-0.9575518131256103,"{""neutral"":0.025088375434279442,""happy"":0.04837209731340408,""anger/disgust"":0.6245841383934021,""sadness"":0.5786722898483276,""surprise"":0.06882118433713913,""fear"":0.06550415605306625}"
"পাকিস্তানের ইতিহাসে কখনো কোন প্রধানমন্ত্রী সম্পূর্ণ ক্ষমতায় থাকতে পারেনি।","","stronglyNegative",-0.9998660564422608,"{""neutral"":0.12512528896331787,""happy"":0.002790451515465975,""anger/disgust"":0.10987415909767151,""sadness"":0.4156908094882965,""surprise"":0.12964965403079987,""fear"":0.0030405267607420683}"
"পাকিস্তানের ইমরান খানেরসাতে সবাই থাকুন","","weaklyPositive",0.5904337167739869,"{""neutral"":0.06459437310695648,""happy"":0.9367467164993286,""anger/disgust"":0.013887351378798485,""sadness"":0.0043923091143369675,""surprise"":0.004928634036332369,""fear"":0.0011624725302681327}"
"পাকিস্তানের উচিত বাংলাদেশ থেকে দেখে কিছু শিখা।","","stronglyPositive",0.9827649116516115,"{""neutral"":0.000407026062021032,""happy"":0.00024795971694402397,""anger/disgust"":0.9987975358963013,""sadness"":0.0033189367968589067,""surprise"":0.0004814716230612248,""fear"":0.000046639244828838855}"